{
  "answer_summary": {
    "chance_accuracy": 0.25,
    "count": 134,
    "label_histogram": [
      29,
      36,
      37,
      32
    ],
    "num_classes": 4
  },
  "best_probe": {
    "best_accuracy": 0.9925373196601868,
    "best_conditioned_accuracy": 0.9925373196601868,
    "best_linear_accuracy": 0.9552238583564758,
    "best_probe_variant": "mlp_query_conditioned",
    "best_representation": "packet_state_query",
    "conditioning_gain": 0.03731346130371094,
    "head_only_go_signal": true,
    "nonlinear_gain": 0.03731346130371094
  },
  "checkpoint": "results/phase8_dev/hard_st_b_v2_controlsticky_keepalive_teacher_keepalive_waitrelease_only_longrelease_delayed_dropout_selectacc_seed1874_p1/hard_st_best.pt",
  "eval_config": "configs/phase8/confirm/hard_st_benchmark_b_v2_confirm_full_locked.yaml",
  "probe_tables": {
    "control_state_query": {
      "linear": {
        "accuracy": 0.24626865983009338,
        "ce": 1.580073595046997
      },
      "linear_query_conditioned": {
        "accuracy": 0.15671642124652863,
        "ce": 1.6101359128952026
      },
      "mlp": {
        "accuracy": 0.2238806039094925,
        "ce": 2.2802515029907227
      },
      "mlp_query_conditioned": {
        "accuracy": 0.9925373196601868,
        "ce": 0.3511575162410736
      }
    },
    "final_sink_state": {
      "linear": {
        "accuracy": 0.9552238583564758,
        "ce": 0.23323838412761688
      },
      "linear_query_conditioned": {
        "accuracy": 0.9776119589805603,
        "ce": 0.277029812335968
      },
      "mlp": {
        "accuracy": 0.9626865386962891,
        "ce": 0.4381380081176758
      },
      "mlp_query_conditioned": {
        "accuracy": 0.9776119589805603,
        "ce": 0.3554055094718933
      }
    },
    "memory_read_state_query": {
      "linear": {
        "accuracy": 0.41044774651527405,
        "ce": 1.0510698556900024
      },
      "linear_query_conditioned": {
        "accuracy": 0.4701492488384247,
        "ce": 1.0384737253189087
      },
      "mlp": {
        "accuracy": 0.5597015023231506,
        "ce": 0.7800480127334595
      },
      "mlp_query_conditioned": {
        "accuracy": 0.9850746393203735,
        "ce": 0.14879630506038666
      }
    },
    "packet_state_query": {
      "linear": {
        "accuracy": 0.7686567306518555,
        "ce": 0.7504655718803406
      },
      "linear_query_conditioned": {
        "accuracy": 0.7388059496879578,
        "ce": 0.6766541600227356
      },
      "mlp": {
        "accuracy": 0.7910447716712952,
        "ce": 0.5044979453086853
      },
      "mlp_query_conditioned": {
        "accuracy": 0.9925373196601868,
        "ce": 0.15897271037101746
      }
    },
    "router_logits_query": {
      "linear": {
        "accuracy": 0.3283582031726837,
        "ce": 1.3724638223648071
      },
      "linear_query_conditioned": {
        "accuracy": 0.23880596458911896,
        "ce": 1.373321294784546
      },
      "mlp": {
        "accuracy": 0.8358209133148193,
        "ce": 0.4589681029319763
      },
      "mlp_query_conditioned": {
        "accuracy": 0.9776119589805603,
        "ce": 0.3165348172187805
      }
    },
    "router_probs_query": {
      "linear": {
        "accuracy": 0.305970162153244,
        "ce": 1.3578901290893555
      },
      "linear_query_conditioned": {
        "accuracy": 0.36567163467407227,
        "ce": 1.2977752685546875
      },
      "mlp": {
        "accuracy": 0.4253731369972229,
        "ce": 1.549089789390564
      },
      "mlp_query_conditioned": {
        "accuracy": 0.611940324306488,
        "ce": 1.6106667518615723
      }
    },
    "sink_state_query": {
      "linear": {
        "accuracy": 0.9477611780166626,
        "ce": 0.24742905795574188
      },
      "linear_query_conditioned": {
        "accuracy": 0.9626865386962891,
        "ce": 0.30346959829330444
      },
      "mlp": {
        "accuracy": 0.9626865386962891,
        "ce": 0.369190514087677
      },
      "mlp_query_conditioned": {
        "accuracy": 0.9776119589805603,
        "ce": 0.5503620505332947
      }
    }
  },
  "run_dir": "results/phase8_dev/hard_st_b_v2_controlsticky_keepalive_teacher_keepalive_waitrelease_only_longrelease_delayed_dropout_selectacc_seed1874_p1",
  "split": "confirm"
}