{
  "answer_summary": {
    "chance_accuracy": 0.25,
    "count": 108,
    "label_histogram": [
      32,
      25,
      28,
      23
    ],
    "num_classes": 4
  },
  "best_probe": {
    "best_accuracy": 0.9722222089767456,
    "best_conditioned_accuracy": 0.9722222089767456,
    "best_linear_accuracy": 0.48148149251937866,
    "best_probe_variant": "mlp_query_conditioned",
    "best_representation": "final_sink_state",
    "conditioning_gain": 0.49074071645736694,
    "head_only_go_signal": true,
    "nonlinear_gain": 0.49074071645736694
  },
  "checkpoint": "results/phase8_dev/hard_st_b_v2_teacher1821_refine_memoryreadout_longer_lowlr_seed1842_p1/hard_st_best.pt",
  "eval_config": null,
  "probe_tables": {
    "control_state_query": {
      "linear": {
        "accuracy": 0.21296297013759613,
        "ce": 1.4736772775650024
      },
      "linear_query_conditioned": {
        "accuracy": 0.21296297013759613,
        "ce": 1.470152497291565
      },
      "mlp": {
        "accuracy": 0.21296297013759613,
        "ce": 1.5473262071609497
      },
      "mlp_query_conditioned": {
        "accuracy": 0.8518518805503845,
        "ce": 0.7736732959747314
      }
    },
    "final_readout_input": {
      "linear": {
        "accuracy": 0.48148149251937866,
        "ce": 1.460837721824646
      },
      "linear_query_conditioned": {
        "accuracy": 0.5,
        "ce": 1.4797768592834473
      },
      "mlp": {
        "accuracy": 0.9351851940155029,
        "ce": 1.0436562299728394
      },
      "mlp_query_conditioned": {
        "accuracy": 0.9629629850387573,
        "ce": 0.19468165934085846
      }
    },
    "final_sink_state": {
      "linear": {
        "accuracy": 0.48148149251937866,
        "ce": 1.4374587535858154
      },
      "linear_query_conditioned": {
        "accuracy": 0.49074074625968933,
        "ce": 1.477189540863037
      },
      "mlp": {
        "accuracy": 0.9444444179534912,
        "ce": 0.43982258439064026
      },
      "mlp_query_conditioned": {
        "accuracy": 0.9722222089767456,
        "ce": 0.6879424452781677
      }
    },
    "memory_read_state_query": {
      "linear": {
        "accuracy": 0.24074074625968933,
        "ce": 1.4763435125350952
      },
      "linear_query_conditioned": {
        "accuracy": 0.32407405972480774,
        "ce": 1.516578197479248
      },
      "mlp": {
        "accuracy": 0.32407405972480774,
        "ce": 2.6080191135406494
      },
      "mlp_query_conditioned": {
        "accuracy": 0.9537037014961243,
        "ce": 0.2738158404827118
      }
    },
    "packet_state_query": {
      "linear": {
        "accuracy": 0.24074074625968933,
        "ce": 1.4974850416183472
      },
      "linear_query_conditioned": {
        "accuracy": 0.26851850748062134,
        "ce": 1.5283373594284058
      },
      "mlp": {
        "accuracy": 0.3055555522441864,
        "ce": 1.9039115905761719
      },
      "mlp_query_conditioned": {
        "accuracy": 0.9629629850387573,
        "ce": 0.16762615740299225
      }
    },
    "router_logits_query": {
      "linear": {
        "accuracy": 0.21296297013759613,
        "ce": 1.4207544326782227
      },
      "linear_query_conditioned": {
        "accuracy": 0.2777777910232544,
        "ce": 1.4342306852340698
      },
      "mlp": {
        "accuracy": 0.34259259700775146,
        "ce": 1.5711140632629395
      },
      "mlp_query_conditioned": {
        "accuracy": 0.6203703880310059,
        "ce": 1.428149938583374
      }
    },
    "router_probs_query": {
      "linear": {
        "accuracy": 0.21296297013759613,
        "ce": 1.422043800354004
      },
      "linear_query_conditioned": {
        "accuracy": 0.23148147761821747,
        "ce": 1.4379576444625854
      },
      "mlp": {
        "accuracy": 0.21296297013759613,
        "ce": 1.6283197402954102
      },
      "mlp_query_conditioned": {
        "accuracy": 0.34259259700775146,
        "ce": 3.411499500274658
      }
    },
    "sink_state_query": {
      "linear": {
        "accuracy": 0.48148149251937866,
        "ce": 1.450831413269043
      },
      "linear_query_conditioned": {
        "accuracy": 0.5185185074806213,
        "ce": 1.4892709255218506
      },
      "mlp": {
        "accuracy": 0.9166666865348816,
        "ce": 1.4488061666488647
      },
      "mlp_query_conditioned": {
        "accuracy": 0.9444444179534912,
        "ce": 0.43581393361091614
      }
    }
  },
  "run_dir": "results/phase8_dev/hard_st_b_v2_teacher1821_refine_memoryreadout_longer_lowlr_seed1842_p1",
  "split": "test"
}