{
  "benchmark": "long_horizon_memory_v1",
  "config_path": "configs/phase2/dev/hard_st_benchmark_b_v1_oraclewarm.yaml",
  "method": "hard_st",
  "results_dir": "results/phase2_dev/hard_st_b_v1_oraclewarm",
  "summary": {
    "best_val_accuracy": 0.25439453125,
    "best_val_metrics": {
      "accuracy": 0.25439453125,
      "compute": 110.5751953125,
      "decision_count": 110.12939453125,
      "delay_rate": 0.9937331080436707,
      "delays": 109.57275390625,
      "early_exit_mass": 0.0,
      "early_exit_rate": 0.0,
      "examples_per_sec": 1582.6110059918587,
      "examples_seen": 2048,
      "exit_age_mean": 109.5751953125,
      "exit_rate": 0.006248005665838718,
      "exit_time": 109.126953125,
      "exits": 1.0,
      "forward_rate": 1.8925629774457775e-05,
      "hops": 0.00244140625,
      "loss": 2.184692621231079,
      "mailbox_occupancy": 0.8560371398925781,
      "mailbox_peak": 1.0,
      "oracle_route_loss": 0.0,
      "packet_age_max": 109.12939453125,
      "packet_age_mean": 54.564697265625,
      "peak_memory_mb": 113.0107421875,
      "penalty_delays": 0.5478637218475342,
      "penalty_hops": 0.0,
      "penalty_ttl": 0.222900390625,
      "per_slice": {
        "distance_long": {
          "accuracy": 0.25439453125,
          "compute": 110.5751953125,
          "count": 2048,
          "delay_rate": 0.9937330782413483,
          "delays": 109.57275390625,
          "early_exit_rate": 0.0,
          "exit_rate": 0.006248006073292345,
          "exit_time": 109.126953125,
          "packet_age_mean": 54.564697265625,
          "route_match": 0.00634765625
        },
        "trigger_early": {
          "accuracy": 0.25036819003774774,
          "compute": 110.72238425478142,
          "count": 1358,
          "delay_rate": 0.9937454880337301,
          "delays": 109.71943931972858,
          "early_exit_rate": 0.0,
          "exit_rate": 0.0062316566371716925,
          "exit_time": 109.27614011469575,
          "packet_age_mean": 54.63954298555939,
          "route_match": 0.0073637702970028975
        },
        "trigger_mid": {
          "accuracy": 0.2623188467345376,
          "compute": 110.28551053033358,
          "count": 690,
          "delay_rate": 0.9937086063882579,
          "delays": 109.28406160879827,
          "early_exit_rate": 0.0,
          "exit_rate": 0.006280183798188101,
          "exit_time": 108.83333447221396,
          "packet_age_mean": 54.41739212810129,
          "route_match": 0.004347826155793408
        }
      },
      "phase": "hard_st",
      "route_entropy": 0.007264028303325176,
      "route_loss": 0.7707642316818237,
      "route_match": 0.00634765625,
      "router_confidence": 0.9989628791809082,
      "split": "val",
      "step": 89,
      "task_loss": 1.4139289855957031,
      "transition_delay_to_delay": 0.9936339259147644,
      "transition_delay_to_exit": 0.006327918730676174,
      "transition_delay_to_forward": 1.9073486328125e-05,
      "transition_exit_to_delay": 0.0,
      "transition_exit_to_exit": 0.0,
      "transition_exit_to_forward": 0.0,
      "transition_forward_to_delay": 1.9073486328125e-05,
      "transition_forward_to_exit": 0.0,
      "transition_forward_to_forward": 0.0,
      "ttl_fail": 0.44580078125,
      "wall_time_sec": 1.2940640449523926
    },
    "checkpoint": "results/phase2_dev/hard_st_b_v1_oraclewarm/hard_st_best.pt",
    "peak_train_memory_mb": 1112.73779296875,
    "phase_wall_time_sec": 96.9083456993103,
    "test": {
      "accuracy": 0.2415364533662796,
      "compute": 110.57649993896484,
      "decision_count": 110.13021087646484,
      "delay_rate": 0.993718147277832,
      "delays": 109.57552337646484,
      "early_exit_mass": 0.0,
      "early_exit_rate": 0.0,
      "examples_per_sec": 1591.8140094783146,
      "examples_seen": 3072,
      "exit_age_mean": 109.57649993896484,
      "exit_rate": 0.006273908074945211,
      "exit_time": 109.12923431396484,
      "exits": 1.0,
      "forward_rate": 7.979200745467097e-06,
      "hops": 0.0009765625,
      "loss": 2.188110589981079,
      "mailbox_occupancy": 0.8560587763786316,
      "mailbox_peak": 1.0,
      "oracle_route_loss": 0.0,
      "packet_age_max": 109.13021087646484,
      "packet_age_mean": 54.56510543823242,
      "peak_memory_mb": 113.1513671875,
      "penalty_delays": 0.5478776097297668,
      "penalty_hops": 0.0,
      "penalty_ttl": 0.22314453125,
      "per_slice": {
        "distance_long": {
          "accuracy": 0.24153645833333334,
          "compute": 110.57649739583333,
          "count": 3072,
          "delay_rate": 0.9937181174755096,
          "delays": 109.57552083333333,
          "early_exit_rate": 0.0,
          "exit_rate": 0.006273907609283924,
          "exit_time": 109.12923177083333,
          "packet_age_mean": 54.565104166666664,
          "route_match": 0.0087890625
        },
        "trigger_early": {
          "accuracy": 0.2547357934392461,
          "compute": 110.32203354079607,
          "count": 2006,
          "delay_rate": 0.9936276763410178,
          "delays": 109.32153449243943,
          "early_exit_rate": 0.0,
          "exit_rate": 0.006368449631686567,
          "exit_time": 108.88335052824924,
          "packet_age_mean": 54.44192447833502,
          "route_match": 0.009471585262141535
        },
        "trigger_mid": {
          "accuracy": 0.2166979363918528,
          "compute": 111.0553447086413,
          "count": 1066,
          "delay_rate": 0.9938882923707729,
          "delays": 110.05346895114118,
          "early_exit_rate": 0.0,
          "exit_rate": 0.0060959983320896275,
          "exit_time": 109.59193242200097,
          "packet_age_mean": 54.796904089750534,
          "route_match": 0.007504690345027266
        }
      },
      "phase": "hard_st",
      "route_entropy": 0.007268870249390602,
      "route_loss": 0.7710220813751221,
      "route_match": 0.0087890625,
      "router_confidence": 0.9989622235298157,
      "split": "test",
      "step": 220,
      "task_loss": 1.4170888662338257,
      "transition_delay_to_delay": 0.9936279654502869,
      "transition_delay_to_exit": 0.006355986464768648,
      "transition_delay_to_forward": 8.045088179642335e-06,
      "transition_exit_to_delay": 0.0,
      "transition_exit_to_exit": 0.0,
      "transition_exit_to_forward": 0.0,
      "transition_forward_to_delay": 8.045088179642335e-06,
      "transition_forward_to_exit": 0.0,
      "transition_forward_to_forward": 0.0,
      "ttl_fail": 0.4462890625,
      "wall_time_sec": 1.9298737049102783
    }
  }
}