{
  "benchmark": "long_horizon_memory_v2",
  "config_path": "configs/phase2/main/hard_st_benchmark_b_v2_maskcurr_h256.yaml",
  "method": "hard_st",
  "results_dir": "results/phase2_main/hard_st_b_v2_maskcurr_h256",
  "summary": {
    "best_val_accuracy": 0.4375,
    "best_val_metrics": {
      "accuracy": 0.4375,
      "compute": 1.0005208253860474,
      "decision_count": 1.0005208253860474,
      "delay_rate": 0.0002604166802484542,
      "delay_retain_mean": 0.0005208333604969084,
      "delay_write_loss": 0.0,
      "delay_write_mean": 0.9994791746139526,
      "delays": 0.0005208333604969084,
      "early_exit_mass": 0.9994791746139526,
      "early_exit_rate": 0.9994791746139526,
      "examples_per_sec": 3712.944014429328,
      "examples_seen": 1920,
      "exit_age_mean": 0.0005208333604969084,
      "exit_rate": 0.9997395873069763,
      "exit_time": 0.0005208333604969084,
      "exits": 1.0,
      "forward_rate": 0.0,
      "hops": 0.0,
      "loss": 1.5450114011764526,
      "mailbox_occupancy": 2.0345053144410485e-06,
      "mailbox_peak": 0.0005208333604969084,
      "oracle_route_loss": 0.0,
      "packet_age_max": 0.0005208333604969084,
      "packet_age_mean": 0.0002604166802484542,
      "peak_memory_mb": 133.9189453125,
      "penalty_delays": 1.5625001879016054e-06,
      "penalty_hops": 0.0,
      "penalty_ttl": 0.0,
      "per_mode": {
        "delay_to_final_query": {
          "accuracy": 0.2706002035497528,
          "compute": 0.9999999704099016,
          "count": 983,
          "decision_count": 0.9999999704099016,
          "delay_rate": 0.0,
          "delay_retain_mean": 0.0,
          "delay_write_loss": 0.0,
          "delay_write_mean": 0.9999999704099016,
          "delays": 0.0,
          "early_exit_mass": 0.9999999704099016,
          "early_exit_rate": 0.9999999704099016,
          "exit_age_mean": 0.0,
          "exit_rate": 0.9999999704099016,
          "exit_time": 0.0,
          "exits": 0.9999999704099016,
          "forward_rate": 0.0,
          "hops": 0.0,
          "loss": 1.5484723342641324,
          "mailbox_occupancy": 0.0,
          "mailbox_peak": 0.0,
          "oracle_route_loss": 0.0,
          "packet_age_max": 0.0,
          "packet_age_mean": 0.0,
          "penalty_delays": 1.5895219473191939e-06,
          "penalty_hops": 0.0,
          "penalty_ttl": 0.0,
          "route_entropy": 0.0013961020796933986,
          "route_loss": 1.5895219473191939e-06,
          "route_match": 0.0,
          "router_confidence": 0.9998596578624217,
          "task_loss": 1.5484707577425005,
          "transition_delay_to_delay": 0.0,
          "transition_delay_to_exit": 0.0,
          "transition_delay_to_forward": 0.0,
          "transition_exit_to_delay": 0.0,
          "transition_exit_to_exit": 0.0,
          "transition_exit_to_forward": 0.0,
          "transition_forward_to_delay": 0.0,
          "transition_forward_to_exit": 0.0,
          "transition_forward_to_forward": 0.0,
          "ttl_fail": 0.0
        },
        "delay_to_trigger_exit": {
          "accuracy": 0.2546201214898049,
          "compute": 1.0020533794005548,
          "count": 487,
          "decision_count": 1.0020533794005548,
          "delay_rate": 0.0010266940222261377,
          "delay_retain_mean": 0.0020533880444522754,
          "delay_write_loss": 0.0,
          "delay_write_mean": 0.9979466010168103,
          "delays": 0.0020533880444522754,
          "early_exit_mass": 0.9979466010168103,
          "early_exit_rate": 0.9979466010168103,
          "exit_age_mean": 0.0020533880444522754,
          "exit_rate": 0.9989732940828531,
          "exit_time": 0.0020533880444522754,
          "exits": 0.9999999932684692,
          "forward_rate": 0.0,
          "hops": 0.0,
          "loss": 1.5481535389682841,
          "mailbox_occupancy": 8.0210470486417e-06,
          "mailbox_peak": 0.0020533880444522754,
          "oracle_route_loss": 0.0,
          "packet_age_max": 0.0020533880444522754,
          "packet_age_mean": 0.0010266940222261377,
          "penalty_delays": 1.6042095217810757e-06,
          "penalty_hops": 0.0,
          "penalty_ttl": 0.0,
          "route_entropy": 0.0014017825344772492,
          "route_loss": 1.6042095217810757e-06,
          "route_match": 0.0,
          "router_confidence": 0.9998590364838038,
          "task_loss": 1.5481519478792038,
          "transition_delay_to_delay": 0.0,
          "transition_delay_to_exit": 0.0020533880444522754,
          "transition_delay_to_forward": 0.0,
          "transition_exit_to_delay": 0.0,
          "transition_exit_to_exit": 0.0,
          "transition_exit_to_forward": 0.0,
          "transition_forward_to_delay": 0.0,
          "transition_forward_to_exit": 0.0,
          "transition_forward_to_forward": 0.0,
          "ttl_fail": 0.0
        },
        "easy_exit": {
          "accuracy": 0.9999999883439806,
          "compute": 0.9999999883439806,
          "count": 450,
          "decision_count": 0.9999999883439806,
          "delay_rate": 0.0,
          "delay_retain_mean": 0.0,
          "delay_write_loss": 0.0,
          "delay_write_mean": 0.9999999883439806,
          "delays": 0.0,
          "early_exit_mass": 0.9999999883439806,
          "early_exit_rate": 0.9999999883439806,
          "exit_age_mean": 0.0,
          "exit_rate": 0.9999999883439806,
          "exit_time": 0.0,
          "exits": 0.9999999883439806,
          "forward_rate": 0.0,
          "hops": 0.0,
          "loss": 1.5340504031711155,
          "mailbox_occupancy": 0.0,
          "mailbox_peak": 0.0,
          "oracle_route_loss": 0.0,
          "packet_age_max": 0.0,
          "packet_age_mean": 0.0,
          "penalty_delays": 1.45833340260045e-06,
          "penalty_hops": 0.0,
          "penalty_ttl": 0.0,
          "route_entropy": 0.000347590213900225,
          "route_loss": 1.45833340260045e-06,
          "route_match": 0.9999999883439806,
          "router_confidence": 0.9999692975150214,
          "task_loss": 1.5340489678912692,
          "transition_delay_to_delay": 0.0,
          "transition_delay_to_exit": 0.0,
          "transition_delay_to_forward": 0.0,
          "transition_exit_to_delay": 0.0,
          "transition_exit_to_exit": 0.0,
          "transition_exit_to_forward": 0.0,
          "transition_forward_to_delay": 0.0,
          "transition_forward_to_exit": 0.0,
          "transition_forward_to_forward": 0.0,
          "ttl_fail": 0.0
        }
      },
      "per_slice": {
        "distance_long": {
          "accuracy": 0.2706002035497528,
          "compute": 0.9999999704099016,
          "count": 983,
          "delay_rate": 0.0,
          "delay_retain_mean": 0.0,
          "delay_write_mean": 0.9999999704099016,
          "delays": 0.0,
          "early_exit_rate": 0.9999999704099016,
          "exit_rate": 0.9999999704099016,
          "exit_time": 0.0,
          "packet_age_mean": 0.0,
          "route_entropy": 0.0013961020796933986,
          "route_match": 0.0,
          "router_confidence": 0.9998596578624217
        },
        "distance_short": {
          "accuracy": 0.6125933801478993,
          "compute": 1.001067230006801,
          "count": 937,
          "delay_rate": 0.0005336179395018418,
          "delay_retain_mean": 0.0010672358790036836,
          "delay_write_mean": 0.9989327529451254,
          "delays": 0.0010672358790036836,
          "early_exit_rate": 0.9989327529451254,
          "exit_rate": 0.9994663736736252,
          "exit_time": 0.0010672358790036836,
          "packet_age_mean": 0.0005336179395018418,
          "route_entropy": 0.0008955002362813041,
          "route_match": 0.48025613291668157,
          "router_confidence": 0.9999119621585247
        },
        "trigger_early": {
          "accuracy": 0.42386185187185577,
          "compute": 1.0007849158821525,
          "count": 1274,
          "delay_rate": 0.00039246467945825314,
          "delay_retain_mean": 0.0007849293589165063,