{
  "benchmark": "long_horizon_memory_v1",
  "config_path": "configs/phase2/dev/hard_st_benchmark_b_v1_gatedblend_oraclewarm.yaml",
  "method": "hard_st",
  "results_dir": "results/phase2_dev/hard_st_b_v1_gatedblend_oraclewarm",
  "summary": {
    "best_val_accuracy": 0.25439453125,
    "best_val_metrics": {
      "accuracy": 0.25439453125,
      "compute": 98.05029296875,
      "decision_count": 97.68310546875,
      "delay_rate": 0.9870320558547974,
      "delay_retain_mean": 0.923337459564209,
      "delay_write_mean": 0.07666247338056564,
      "delays": 97.048828125,
      "early_exit_mass": 0.00048828125,
      "early_exit_rate": 0.00048828125,
      "examples_per_sec": 1446.0560737342705,
      "examples_seen": 2048,
      "exit_age_mean": 97.05029296875,
      "exit_rate": 0.012909404933452606,
      "exit_time": 96.681640625,
      "exits": 1.0,
      "forward_rate": 5.852747199242003e-05,
      "hops": 0.00146484375,
      "loss": 2.0553014278411865,
      "mailbox_occupancy": 0.7581939697265625,
      "mailbox_peak": 0.99951171875,
      "oracle_route_loss": 0.0,
      "packet_age_max": 96.68310546875,
      "packet_age_mean": 48.341552734375,
      "peak_memory_mb": 120.15576171875,
      "penalty_delays": 0.4852442145347595,
      "penalty_hops": 0.0,
      "penalty_ttl": 0.18359375,
      "per_slice": {
        "distance_long": {
          "accuracy": 0.25439453125,
          "compute": 98.05029296875,
          "count": 2048,
          "delay_rate": 0.9870320782065392,
          "delay_retain_mean": 0.9233375117182732,
          "delay_write_mean": 0.07666248269379139,
          "delays": 97.048828125,
          "early_exit_rate": 0.00048828125,
          "exit_rate": 0.012909405748359859,
          "exit_time": 96.681640625,
          "packet_age_mean": 48.341552734375,
          "route_entropy": 0.008049262454733253,
          "route_match": 0.04150390625,
          "router_confidence": 0.9988140910863876
        },
        "trigger_early": {
          "accuracy": 0.25036819003774774,
          "compute": 98.78055924203505,
          "count": 1358,
          "delay_rate": 0.9869672671860202,
          "delay_retain_mean": 0.9231574785112456,
          "delay_write_mean": 0.07684252397411,
          "delays": 97.77908563965023,
          "early_exit_rate": 0.000736376997604637,
          "exit_rate": 0.012959490491787797,
          "exit_time": 97.411635082846,
          "packet_age_mean": 48.70655388193032,
          "route_entropy": 0.008165298646318675,
          "route_match": 0.04860088302560469,
          "router_confidence": 0.9987862574070999
        },
        "trigger_mid": {
          "accuracy": 0.2623188467345376,
          "compute": 96.61304432965707,
          "count": 690,
          "delay_rate": 0.9871596015881801,
          "delay_retain_mean": 0.9236918584160183,
          "delay_write_mean": 0.07630813393903815,
          "delays": 95.61159477786741,
          "early_exit_rate": 0.0,
          "exit_rate": 0.012810832743897386,
          "exit_time": 95.24492854242739,
          "packet_age_mean": 47.623189047108525,
          "route_entropy": 0.00782089035121211,
          "route_match": 0.027536232631815517,
          "router_confidence": 0.9988687613736028
        }
      },
      "phase": "hard_st",
      "route_entropy": 0.008049262687563896,
      "route_loss": 0.6688379645347595,
      "route_match": 0.04150390625,
      "router_confidence": 0.9988141059875488,
      "split": "val",
      "step": 29,
      "task_loss": 1.3864631652832031,
      "transition_delay_to_delay": 0.9853729009628296,
      "transition_delay_to_exit": 0.014012355357408524,
      "transition_delay_to_forward": 6.320996908470988e-05,
      "transition_exit_to_delay": 0.0,
      "transition_exit_to_exit": 0.0,
      "transition_exit_to_forward": 0.0,
      "transition_forward_to_delay": 5.900065298192203e-05,
      "transition_forward_to_exit": 4.209321105008712e-06,
      "transition_forward_to_forward": 0.0,
      "ttl_fail": 0.3671875,
      "wall_time_sec": 1.4162659645080566
    },
    "checkpoint": "results/phase2_dev/hard_st_b_v1_gatedblend_oraclewarm/hard_st_best.pt",
    "peak_train_memory_mb": 1598.6689453125,
    "phase_wall_time_sec": 167.8274335861206,
    "test": {
      "accuracy": 0.2412109375,
      "compute": 100.25618743896484,
      "decision_count": 99.85904693603516,
      "delay_rate": 0.9885463714599609,
      "delay_retain_mean": 0.9233267903327942,
      "delay_write_mean": 0.07667318731546402,
      "delays": 99.25521087646484,
      "early_exit_mass": 0.0006510416860692203,
      "early_exit_rate": 0.0006510416860692203,
      "examples_per_sec": 1402.8957783675635,
      "examples_seen": 3072,
      "exit_age_mean": 99.25618743896484,
      "exit_rate": 0.011444688774645329,
      "exit_time": 98.85807037353516,
      "exits": 1.0,
      "forward_rate": 8.988422450784128e-06,
      "hops": 0.0009765625,
      "loss": 2.0831518173217773,
      "mailbox_occupancy": 0.7754313349723816,
      "mailbox_peak": 0.9993489384651184,
      "oracle_route_loss": 0.0,
      "packet_age_max": 98.85904693603516,
      "packet_age_mean": 49.42952346801758,
      "peak_memory_mb": 120.30419921875,
      "penalty_delays": 0.49627605080604553,
      "penalty_hops": 0.0,
      "penalty_ttl": 0.1985677033662796,
      "per_slice": {
        "distance_long": {
          "accuracy": 0.2412109375,
          "compute": 100.25618489583333,
          "count": 3072,
          "delay_rate": 0.9885463217894236,
          "delay_retain_mean": 0.9233268201351166,
          "delay_write_mean": 0.07667318110664685,
          "delays": 99.25520833333333,
          "early_exit_rate": 0.0006510416666666666,
          "exit_rate": 0.011444689317916831,
          "exit_time": 98.85807291666667,
          "packet_age_mean": 49.429524739583336,
          "route_entropy": 0.008132535576199492,
          "route_match": 0.038411458333333336,
          "router_confidence": 0.998826747139295
        },
        "trigger_early": {
          "accuracy": 0.25423728703620546,
          "compute": 100.39531399697393,
          "count": 2006,
          "delay_rate": 0.9884251323143245,
          "delay_retain_mean": 0.9230178310234074,
          "delay_write_mean": 0.07698215297232953,
          "delays": 99.39431616268747,
          "early_exit_rate": 0.000997008968438073,
          "exit_rate": 0.011565721220989617,
          "exit_time": 98.9910282085567,
          "packet_age_mean": 49.49601238056765,
          "route_entropy": 0.008140717591748666,
          "route_match": 0.035393818977065124,
          "router_confidence": 0.9988283952057421
        },
        "trigger_mid": {
          "accuracy": 0.2166979363918528,
          "compute": 99.99437070921707,
          "count": 1066,
          "delay_rate": 0.9887743805854897,
          "delay_retain_mean": 0.9239082352081786,
          "delay_write_mean": 0.07609175582456544,
          "delays": 98.99343268016936,
          "early_exit_rate": 0.0,
          "exit_rate": 0.011216930665886537,
          "exit_time": 98.60788021123432,
          "packet_age_mean": 49.304409120141,
          "route_entropy": 0.008117138735747305,
          "route_match": 0.0440900555163566,
          "router_confidence": 0.9988236851696672
        }
      },
      "phase": "hard_st",
      "route_entropy": 0.00813253503292799,
      "route_loss": 0.6948438286781311,
      "route_match": 0.0384114570915699,
      "router_confidence": 0.9988266825675964,
      "split": "test",
      "step": 320,
      "task_loss": 1.3883081674575806,
      "transition_delay_to_delay": 0.9878575205802917,
      "transition_delay_to_exit": 0.011473258025944233,
      "transition_delay_to_forward": 9.072952707356308e-06,
      "transition_exit_to_delay": 0.0,
      "transition_exit_to_exit": 0.0,
      "transition_exit_to_forward": 0.0,
      "transition_forward_to_delay": 5.646417321258923e-06,