{
  "benchmark": "long_horizon_memory_v1",
  "config_path": "configs/phase2/dev/hard_st_benchmark_b_v1_gatedblend_oraclewarm_h64.yaml",
  "method": "hard_st",
  "results_dir": "results/phase2_dev/hard_st_b_v1_gatedblend_oraclewarm_h64",
  "summary": {
    "best_val_accuracy": 0.25439453125,
    "best_val_metrics": {
      "accuracy": 0.25439453125,
      "compute": 64.00390625,
      "decision_count": 64.0,
      "delay_rate": 0.98443603515625,
      "delay_retain_mean": 1.0,
      "delay_write_mean": 0.0,
      "delays": 63.00390625,
      "early_exit_mass": 0.0,
      "early_exit_rate": 0.0,
      "examples_per_sec": 2813.8911602197277,
      "examples_seen": 2048,
      "exit_age_mean": 63.00390625,
      "exit_rate": 0.01556396484375,
      "exit_time": 63.0,
      "exits": 1.0,
      "forward_rate": 0.0,
      "hops": 0.0,
      "loss": 1.7076969146728516,
      "mailbox_occupancy": 0.98443603515625,
      "mailbox_peak": 1.0,
      "oracle_route_loss": 0.0,
      "packet_age_max": 63.0,
      "packet_age_mean": 31.5,
      "peak_memory_mb": 108.09326171875,
      "penalty_delays": 0.3150195777416229,
      "penalty_hops": 0.0,
      "penalty_ttl": 0.001953125,
      "per_slice": {
        "distance_long": {
          "accuracy": 0.25439453125,
          "compute": 64.00390625,
          "count": 2048,
          "delay_rate": 0.98443603515625,
          "delay_retain_mean": 1.0,
          "delay_write_mean": 0.0,
          "delays": 63.00390625,
          "early_exit_rate": 0.0,
          "exit_rate": 0.01556396484375,
          "exit_time": 63.0,
          "packet_age_mean": 31.5,
          "route_entropy": 0.00011319550958432956,
          "route_match": 0.99609375,
          "router_confidence": 0.9999858289957047
        },
        "trigger_early": {
          "accuracy": 0.25451807237892266,
          "compute": 64.00376510620117,
          "count": 1328,
          "delay_rate": 0.9844338384019323,
          "delay_retain_mean": 0.999999991561993,
          "delay_write_mean": 0.0,
          "delays": 63.00376565772367,
          "early_exit_rate": 0.0,
          "exit_rate": 0.015566170904981759,
          "exit_time": 63.0000004193869,
          "packet_age_mean": 31.50000020969345,
          "route_entropy": 0.0001129253387261997,
          "route_match": 0.9962349379188326,
          "router_confidence": 0.9999858875680401
        },
        "trigger_mid": {
          "accuracy": 0.25416666821887096,
          "compute": 64.00416680441963,
          "count": 720,
          "delay_rate": 0.9844400993651814,
          "delay_retain_mean": 0.9999999843537808,
          "delay_write_mean": 0.0,
          "delays": 63.00416635937161,
          "early_exit_rate": 0.0,
          "exit_rate": 0.01555989568716743,
          "exit_time": 62.999999554951984,
          "packet_age_mean": 31.499999777475992,
          "route_entropy": 0.00011369382938129194,
          "route_match": 0.9958333239787155,
          "router_confidence": 0.9999857344561153
        }
      },
      "phase": "hard_st",
      "route_entropy": 0.00011319550685584545,
      "route_loss": 0.3169727027416229,
      "route_match": 0.99609375,
      "router_confidence": 0.9999858140945435,
      "split": "val",
      "step": 89,
      "task_loss": 1.3907241821289062,
      "transition_delay_to_delay": 0.9841890335083008,
      "transition_delay_to_exit": 0.0158110111951828,
      "transition_delay_to_forward": 0.0,
      "transition_exit_to_delay": 0.0,
      "transition_exit_to_exit": 0.0,
      "transition_exit_to_forward": 0.0,
      "transition_forward_to_delay": 0.0,
      "transition_forward_to_exit": 0.0,
      "transition_forward_to_forward": 0.0,
      "ttl_fail": 0.00390625,
      "wall_time_sec": 0.7278177738189697
    },
    "checkpoint": "results/phase2_dev/hard_st_b_v1_gatedblend_oraclewarm_h64/hard_st_best.pt",
    "peak_train_memory_mb": 838.4501953125,
    "phase_wall_time_sec": 62.56799507141113,
    "test": {
      "accuracy": 0.2470703125,
      "compute": 64.005859375,
      "decision_count": 64.00032806396484,
      "delay_rate": 0.984456479549408,
      "delay_retain_mean": 1.0,
      "delay_write_mean": 3.973643103449831e-08,
      "delays": 63.00553512573242,
      "early_exit_mass": 0.0,
      "early_exit_rate": 0.0,
      "examples_per_sec": 2781.7536057824645,
      "examples_seen": 3072,
      "exit_age_mean": 63.005859375,
      "exit_rate": 0.015538533218204975,
      "exit_time": 63.0,
      "exits": 1.0,
      "forward_rate": 5.008012976759346e-06,
      "hops": 0.00032552084303461015,
      "loss": 1.710525393486023,
      "mailbox_occupancy": 0.9844614863395691,
      "mailbox_peak": 1.0,
      "oracle_route_loss": 0.0,
      "packet_age_max": 63.00032424926758,
      "packet_age_mean": 31.50016212463379,
      "peak_memory_mb": 108.24169921875,
      "penalty_delays": 0.31502771377563477,
      "penalty_hops": 0.0,
      "penalty_ttl": 0.0027669270057231188,
      "per_slice": {
        "distance_long": {
          "accuracy": 0.2470703125,
          "compute": 64.005859375,
          "count": 3072,
          "delay_rate": 0.984456459681193,
          "delay_retain_mean": 0.9999999602635702,
          "delay_write_mean": 3.9736429850260414e-08,
          "delays": 63.005533854166664,
          "early_exit_rate": 0.0,
          "exit_rate": 0.015538533528645834,
          "exit_time": 63.0,
          "packet_age_mean": 31.500162760416668,
          "route_entropy": 0.00011354104572092183,
          "route_match": 0.9944661458333334,
          "router_confidence": 0.9999856799840927
        },
        "trigger_early": {
          "accuracy": 0.250374814373502,
          "compute": 64.00549549367773,
          "count": 2001,
          "delay_rate": 0.9844453923110066,
          "delay_retain_mean": 0.9999999261569643,
          "delay_write_mean": 6.100465213336562e-08,
          "delays": 63.00499718288134,
          "early_exit_rate": 0.0,
          "exit_rate": 0.015546913908469653,
          "exit_time": 62.99999936898311,
          "packet_age_mean": 31.500249475672625,
          "route_entropy": 0.00011465922199030952,
          "route_match": 0.9950024901420578,
          "router_confidence": 0.999985429449477
        },
        "trigger_mid": {
          "accuracy": 0.24089636181304658,
          "compute": 64.00653618991542,
          "count": 1071,
          "delay_rate": 0.9844771271882827,
          "delay_retain_mean": 0.9999999907615583,
          "delay_write_mean": 0.0,
          "delays": 63.006536140050095,
          "early_exit_rate": 0.0,
          "exit_rate": 0.015522875798732237,
          "exit_time": 63.000000110416075,
          "packet_age_mean": 31.500000055208037,
          "route_entropy": 0.00011145190601331685,
          "route_match": 0.9934640511188632,
          "router_confidence": 0.9999861074985466
        }
      },
      "phase": "hard_st",
      "route_entropy": 0.00011354104935890064,
      "route_loss": 0.31779465079307556,
      "route_match": 0.9944661259651184,
      "router_confidence": 0.9999856948852539,
      "split": "test",
      "step": 240,
      "task_loss": 1.392730712890625,
      "transition_delay_to_delay": 0.9842047095298767,
      "transition_delay_to_exit": 0.015785176306962967,
      "transition_delay_to_forward": 5.086263172415784e-06,
      "transition_exit_to_delay": 0.0,
      "transition_exit_to_exit": 0.0,
      "transition_exit_to_forward": 0.0,
      "transition_forward_to_delay": 5.086263172415784e-06,
      "transition_forward_to_exit": 0.0,
      "transition_forward_to_forward": 0.0,
      "ttl_fail": 0.0055338540114462376,
      "wall_time_sec": 1.104339361190796
    }
  }
}