{
  "benchmark": "long_horizon_memory_v2",
  "config_path": "configs/phase2/final/hard_st_benchmark_b_v2_maskcurr_seed613.yaml",
  "method": "hard_st",
  "results_dir": "results/phase2_final/hard_st_b_v2_maskcurr_seed613",
  "summary": {
    "best_val_accuracy": 0.44775390625,
    "best_val_metrics": {
      "accuracy": 0.44775390625,
      "compute": 1.0009765625,
      "decision_count": 1.0009765625,
      "delay_rate": 0.00048828125,
      "delay_retain_mean": 0.0009765625,
      "delay_write_loss": 0.0,
      "delay_write_mean": 0.9990234375,
      "delays": 0.0009765625,
      "early_exit_mass": 0.9990234375,
      "early_exit_rate": 0.9990234375,
      "examples_per_sec": 7596.17287217109,
      "examples_seen": 2048,
      "exit_age_mean": 0.0009765625,
      "exit_rate": 0.99951171875,
      "exit_time": 0.0009765625,
      "exits": 1.0,
      "forward_rate": 0.0,
      "hops": 0.0,
      "loss": 1.1999915838241577,
      "mailbox_occupancy": 7.62939453125e-06,
      "mailbox_peak": 0.0009765625,
      "oracle_route_loss": 0.0,
      "packet_age_max": 0.0009765625,
      "packet_age_mean": 0.00048828125,
      "peak_memory_mb": 121.3125,
      "penalty_delays": 2.9296875254658516e-06,
      "penalty_hops": 0.0,
      "penalty_ttl": 0.0,
      "per_mode": {
        "delay_to_final_query": {
          "accuracy": 0.2601787550920526,
          "compute": 1.000993046114201,
          "count": 1007,
          "decision_count": 1.000993046114201,
          "delay_rate": 0.0004965243257615482,
          "delay_retain_mean": 0.0009930486515230964,
          "delay_write_loss": 0.0,
          "delay_write_mean": 0.9990069395617435,
          "delays": 0.0009930486515230964,
          "early_exit_mass": 0.9990069395617435,
          "early_exit_rate": 0.9990069395617435,
          "exit_age_mean": 0.0009930486515230964,
          "exit_rate": 0.9995034661998579,
          "exit_time": 0.0009930486515230964,
          "exits": 0.9999999928379721,
          "forward_rate": 0.0,
          "hops": 0.0,
          "loss": 1.20180002793063,
          "mailbox_occupancy": 7.75819259002419e-06,
          "mailbox_peak": 0.0009930486515230964,
          "oracle_route_loss": 0.0,
          "packet_age_max": 0.0009930486515230964,
          "packet_age_mean": 0.0004965243257615482,
          "penalty_delays": 3.0838814820188962e-06,
          "penalty_hops": 0.0,
          "penalty_ttl": 0.0,
          "route_entropy": 0.0004526402029835886,
          "route_loss": 3.0838814820188962e-06,
          "route_match": 0.0,
          "router_confidence": 0.999960107209074,
          "task_loss": 1.2017969373676485,
          "transition_delay_to_delay": 0.0,
          "transition_delay_to_exit": 0.0009930486515230964,
          "transition_delay_to_forward": 0.0,
          "transition_exit_to_delay": 0.0,
          "transition_exit_to_exit": 0.0,
          "transition_exit_to_forward": 0.0,
          "transition_forward_to_delay": 0.0,
          "transition_forward_to_exit": 0.0,
          "transition_forward_to_forward": 0.0,
          "ttl_fail": 0.0
        },
        "delay_to_trigger_exit": {
          "accuracy": 0.26526718438809155,
          "compute": 1.0,
          "count": 524,
          "decision_count": 1.0,
          "delay_rate": 0.0,
          "delay_retain_mean": 0.0,
          "delay_write_loss": 0.0,
          "delay_write_mean": 1.0,
          "delays": 0.0,
          "early_exit_mass": 1.0,
          "early_exit_rate": 1.0,
          "exit_age_mean": 0.0,
          "exit_rate": 1.0,
          "exit_time": 0.0,
          "exits": 1.0,
          "forward_rate": 0.0,
          "hops": 0.0,
          "loss": 1.2002500871210608,
          "mailbox_occupancy": 0.0,
          "mailbox_peak": 0.0,
          "oracle_route_loss": 0.0,
          "packet_age_max": 0.0,
          "packet_age_mean": 0.0,
          "penalty_delays": 2.5942272259271704e-06,
          "penalty_hops": 0.0,
          "penalty_ttl": 0.0,
          "route_entropy": 0.0004502548987800362,
          "route_loss": 2.5942272259271704e-06,
          "route_match": 0.0,
          "router_confidence": 0.9999603639349682,
          "task_loss": 1.2002474881765497,
          "transition_delay_to_delay": 0.0,
          "transition_delay_to_exit": 0.0,
          "transition_delay_to_forward": 0.0,
          "transition_exit_to_delay": 0.0,
          "transition_exit_to_exit": 0.0,
          "transition_exit_to_forward": 0.0,
          "transition_forward_to_delay": 0.0,
          "transition_forward_to_exit": 0.0,
          "transition_forward_to_forward": 0.0,
          "ttl_fail": 0.0
        },
        "easy_exit": {
          "accuracy": 0.99806575583766,
          "compute": 1.0019342314805006,
          "count": 517,
          "decision_count": 1.0019342314805006,
          "delay_rate": 0.0009671179919973794,
          "delay_retain_mean": 0.0019342359839947588,
          "delay_write_loss": 0.0,
          "delay_write_mean": 0.99806575583766,
          "delays": 0.0019342359839947588,
          "early_exit_mass": 0.99806575583766,
          "early_exit_rate": 0.99806575583766,
          "exit_age_mean": 0.0019342359839947588,
          "exit_rate": 0.9990328747483702,
          "exit_time": 0.0019342359839947588,
          "exits": 0.9999999936590803,
          "forward_rate": 0.0,
          "hops": 0.0,
          "loss": 1.1962072252074338,
          "mailbox_occupancy": 1.5111218624959053e-05,
          "mailbox_peak": 0.0019342359839947588,
          "oracle_route_loss": 0.0,
          "packet_age_max": 0.0019342359839947588,
          "packet_age_mean": 0.0009671179919973794,
          "penalty_delays": 2.9693545853815716e-06,
          "penalty_hops": 0.0,
          "penalty_ttl": 0.0,
          "route_entropy": 0.00010207004152899032,
          "route_loss": 2.9693545853815716e-06,
          "route_match": 0.99806575583766,
          "router_confidence": 0.9999921000211336,
          "task_loss": 1.1962042505090886,
          "transition_delay_to_delay": 0.0,
          "transition_delay_to_exit": 0.0019342359839947588,
          "transition_delay_to_forward": 0.0,
          "transition_exit_to_delay": 0.0,
          "transition_exit_to_exit": 0.0,
          "transition_exit_to_forward": 0.0,
          "transition_forward_to_delay": 0.0,
          "transition_forward_to_exit": 0.0,
          "transition_forward_to_forward": 0.0,
          "ttl_fail": 0.0
        }
      },
      "per_slice": {
        "distance_long": {
          "accuracy": 0.2601787550920526,
          "compute": 1.000993046114201,
          "count": 1007,
          "delay_rate": 0.0004965243257615482,
          "delay_retain_mean": 0.0009930486515230964,
          "delay_write_mean": 0.9990069395617435,
          "delays": 0.0009930486515230964,
          "early_exit_rate": 0.9990069395617435,
          "exit_rate": 0.9995034661998579,
          "exit_time": 0.0009930486515230964,
          "packet_age_mean": 0.0004965243257615482,
          "route_entropy": 0.0004526402029835886,
          "route_match": 0.0,
          "router_confidence": 0.999960107209074
        },
        "distance_short": {
          "accuracy": 0.6292026933286192,
          "compute": 1.0009606078653583,
          "count": 1041,
          "delay_rate": 0.0004803073967339097,
          "delay_retain_mean": 0.0009606147934678194,
          "delay_write_mean": 0.9990393782784227,
          "delays": 0.0009606147934678194,
          "early_exit_rate": 0.9990393782784227,
          "exit_rate": 0.9995196856751566,
          "exit_time": 0.0009606147934678194,
          "packet_age_mean": 0.0004803073967339097,
          "route_entropy": 0.0002773331237691173,
          "route_match": 0.4956772322269956,
          "router_confidence": 0.9999760841659121
        },
        "trigger_early": {
          "accuracy": 0.4519732001106507,
          "compute": 1.0007445907202215,
          "count": 1343,
          "delay_rate": 0.00037230082634317726,