{
  "benchmark": "long_horizon_memory_v2",
  "config_path": "configs/phase6/dev/hard_st_benchmark_b_v2_finalqueryonly_controller_pretrain.yaml",
  "method": "hard_st",
  "results_dir": "results/phase6_dev/hard_st_b_v2_finalqueryonly_controller_pretrain_seed988_p1",
  "summary": {
    "best_metric_name": "per_mode.delay_to_final_query.accuracy",
    "best_val_accuracy": 0.2666015625,
    "best_val_metrics": {
      "accuracy": 0.2666015625,
      "anti_exit_loss": 0.0,
      "compute": 4.505859375,
      "control_clear_mean": 0.008162591606378555,
      "control_loss": 0.0,
      "control_prob_mean": 0.7732332348823547,
      "control_set_mean": 0.6540137529373169,
      "control_state_mean": 0.7600079774856567,
      "decision_count": 4.505859375,
      "delay_rate": 0.6979728937149048,
      "delay_retain_mean": 0.9990234375,
      "delay_write_loss": 0.0,
      "delay_write_mean": 0.024220885708928108,
      "delays": 3.505859375,
      "early_exit_mass": 0.0009765625,
      "early_exit_rate": 0.0009765625,
      "examples_per_sec": 3077.7948460338425,
      "examples_seen": 2048,
      "exit_age_mean": 3.505859375,
      "exit_rate": 0.3020271360874176,
      "exit_time": 3.505859375,
      "exits": 1.0,
      "final_query_wait_gap": 123.494140625,
      "forward_rate": 0.0,
      "hops": 0.0,
      "loss": 1.4679433107376099,
      "mailbox_occupancy": 0.0273895263671875,
      "mailbox_peak": 0.9990234375,
      "memory_payload_loss": 0.0,
      "memory_read_entropy": 0.41951784491539,
      "memory_read_mean": 0.40759792923927307,
      "memory_write_entropy": 0.752988874912262,
      "memory_write_mean": 0.024220885708928108,
      "oracle_route_loss": 0.0,
      "packet_age_max": 3.505859375,
      "packet_age_mean": 1.7529296875,
      "peak_memory_mb": 112.4443359375,
      "penalty_delays": 0.010517576709389687,
      "penalty_hops": 0.0,
      "penalty_ttl": 0.0,
      "per_mode": {
        "delay_to_final_query": {
          "accuracy": 0.2666015625,
          "anti_exit_loss": 0.0,
          "compute": 4.505859375,
          "control_clear_mean": 0.00816259067505598,
          "control_loss": 0.0,
          "control_prob_mean": 0.7732332944869995,
          "control_set_mean": 0.6540137454867363,
          "control_state_mean": 0.7600079700350761,
          "count": 2048,
          "decision_count": 4.505859375,
          "delay_rate": 0.6979728788137436,
          "delay_retain_mean": 0.9990234375,
          "delay_write_loss": 0.0,
          "delay_write_mean": 0.024220883613452315,
          "delays": 3.505859375,
          "early_exit_mass": 0.0009765625,
          "early_exit_rate": 0.0009765625,
          "exit_age_mean": 3.505859375,
          "exit_rate": 0.3020271323621273,
          "exit_time": 3.505859375,
          "exits": 1.0,
          "final_query_wait_gap": 123.494140625,
          "forward_rate": 0.0,
          "hops": 0.0,
          "loss": 1.4679435938596725,
          "mailbox_occupancy": 0.0273895263671875,
          "mailbox_peak": 0.9990234375,
          "memory_payload_loss": 0.0,
          "memory_read_entropy": 0.4195178374648094,
          "memory_read_mean": 0.4075979068875313,
          "memory_write_entropy": 0.7529888674616814,
          "memory_write_mean": 0.024220883613452315,
          "oracle_route_loss": 0.0,
          "packet_age_max": 3.505859375,
          "packet_age_mean": 1.7529296875,
          "penalty_delays": 0.01051757822278887,
          "penalty_hops": 0.0,
          "penalty_ttl": 0.0,
          "premature_exit_rate": 1.0,
          "release_loss": 0.0,
          "release_prob_mean": 0.0,
          "route_entropy": 0.35297927632927895,
          "route_loss": 0.01051757822278887,
          "route_match": 0.0,
          "router_confidence": 0.8331735879182816,
          "task_loss": 1.4574260115623474,
          "transition_delay_to_delay": 0.4993625245988369,
          "transition_delay_to_exit": 0.4996609203517437,
          "transition_delay_to_forward": 0.0,
          "transition_exit_to_delay": 0.0,
          "transition_exit_to_exit": 0.0,
          "transition_exit_to_forward": 0.0,
          "transition_forward_to_delay": 0.0,
          "transition_forward_to_exit": 0.0,
          "transition_forward_to_forward": 0.0,
          "ttl_fail": 0.0,
          "wait_loss": 0.0,
          "wait_prob_mean": 0.0,
          "wait_state_mean": 0.0
        }
      },
      "per_slice": {
        "distance_long": {
          "accuracy": 0.2666015625,
          "anti_exit_loss": 0.0,
          "compute": 4.505859375,
          "control_clear_mean": 0.00816259067505598,
          "control_loss": 0.0,
          "control_prob_mean": 0.7732332944869995,
          "control_set_mean": 0.6540137454867363,
          "control_state_mean": 0.7600079700350761,
          "count": 2048,
          "delay_rate": 0.6979728788137436,
          "delay_retain_mean": 0.9990234375,
          "delay_write_mean": 0.024220883613452315,
          "delays": 3.505859375,
          "early_exit_rate": 0.0009765625,
          "exit_rate": 0.3020271323621273,
          "exit_time": 3.505859375,
          "final_query_wait_gap": 123.494140625,
          "memory_read_entropy": 0.4195178374648094,
          "memory_read_mean": 0.4075979068875313,
          "memory_write_entropy": 0.7529888674616814,
          "memory_write_mean": 0.024220883613452315,
          "packet_age_mean": 1.7529296875,
          "premature_exit_rate": 1.0,
          "release_loss": 0.0,
          "release_prob_mean": 0.0,
          "route_entropy": 0.35297927632927895,
          "route_match": 0.0,
          "router_confidence": 0.8331735879182816,
          "wait_loss": 0.0,
          "wait_prob_mean": 0.0,
          "wait_state_mean": 0.0
        },
        "trigger_early": {
          "accuracy": 0.26358898065024494,
          "anti_exit_loss": 0.0,
          "compute": 4.587490676147052,
          "control_clear_mean": 0.008186265516246733,
          "control_loss": 0.0,
          "control_prob_mean": 0.7732347238445495,
          "control_set_mean": 0.6499086761776405,
          "control_state_mean": 0.7601335349139755,
          "count": 1343,
          "delay_rate": 0.7011551690563194,
          "delay_retain_mean": 0.9992553878877913,
          "delay_write_mean": 0.030271016267958365,
          "delays": 3.587490703486189,
          "early_exit_rate": 0.0007446016103850313,
          "exit_rate": 0.2988448382000912,
          "exit_time": 3.587490703486189,
          "final_query_wait_gap": 123.41250859173216,
          "memory_read_entropy": 0.4243361874693645,
          "memory_read_mean": 0.40483009189433866,
          "memory_write_entropy": 0.7566026046661326,
          "memory_write_mean": 0.030271016267958365,
          "packet_age_mean": 1.7937453517430946,
          "premature_exit_rate": 0.9999999853540337,
          "release_loss": 0.0,
          "release_prob_mean": 0.0,
          "route_entropy": 0.35513580986038573,
          "route_match": 0.0,
          "router_confidence": 0.8317918826729526,
          "wait_loss": 0.0,
          "wait_prob_mean": 0.0,
          "wait_state_mean": 0.0
        },
        "trigger_mid": {
          "accuracy": 0.2723404254473693,
          "anti_exit_loss": 0.0,
          "compute": 4.350354658627341,
          "control_clear_mean": 0.008117490652816516,
          "control_loss": 0.0,
          "control_prob_mean": 0.773230678646277,
          "control_set_mean": 0.6618337799471321,
          "control_state_mean": 0.7597687662915981,
          "count": 705,
          "delay_rate": 0.6919107093033215,
          "delay_retain_mean": 0.9985815516600373,
          "delay_write_mean": 0.012695594141193738,
          "delays": 3.350354627514562,
          "early_exit_rate": 0.001418439711027957,
          "exit_rate": 0.3080893100576198,
          "exit_time": 3.350354627514562,
          "final_query_wait_gap": 123.64964477322626,
          "memory_read_entropy": 0.41033908614875575,