{
  "benchmark": "long_horizon_memory_v2",
  "config_path": "configs/phase2/dev/hard_st_benchmark_b_v2_gatedblend.yaml",
  "method": "hard_st",
  "results_dir": "results/phase2_dev/hard_st_b_v2_gatedblend",
  "summary": {
    "best_val_accuracy": 0.31396484375,
    "best_val_metrics": {
      "accuracy": 0.31396484375,
      "compute": 1.00048828125,
      "decision_count": 1.00048828125,
      "delay_rate": 0.0,
      "delay_retain_mean": 0.0,
      "delay_write_mean": 1.0,
      "delays": 0.0,
      "early_exit_mass": 1.0,
      "early_exit_rate": 1.0,
      "examples_per_sec": 7917.420939940513,
      "examples_seen": 2048,
      "exit_age_mean": 0.00048828125,
      "exit_rate": 0.999755859375,
      "exit_time": 0.0,
      "exits": 1.0,
      "forward_rate": 0.000244140625,
      "hops": 0.00048828125,
      "loss": 1.3788681030273438,
      "mailbox_occupancy": 0.0,
      "mailbox_peak": 0.0,
      "oracle_route_loss": 0.0,
      "packet_age_max": 0.00048828125,
      "packet_age_mean": 0.000244140625,
      "peak_memory_mb": 112.0029296875,
      "penalty_delays": 0.0,
      "penalty_hops": 0.0,
      "penalty_ttl": 0.0,
      "per_mode": {
        "delay_to_final_query": {
          "accuracy": 0.2581926557904085,
          "compute": 0.9999999928379721,
          "count": 1007,
          "decision_count": 0.9999999928379721,
          "delay_rate": 0.0,
          "delay_retain_mean": 0.0,
          "delay_write_mean": 0.9999999928379721,
          "delays": 0.0,
          "early_exit_mass": 0.9999999928379721,
          "early_exit_rate": 0.9999999928379721,
          "exit_age_mean": 0.0,
          "exit_rate": 0.9999999928379721,
          "exit_time": 0.0,
          "exits": 0.9999999928379721,
          "forward_rate": 0.0,
          "hops": 0.0,
          "loss": 1.3787617515310158,
          "mailbox_occupancy": 0.0,
          "mailbox_peak": 0.0,
          "oracle_route_loss": 0.0,
          "packet_age_max": 0.0,
          "packet_age_mean": 0.0,
          "penalty_delays": 0.0,
          "penalty_hops": 0.0,
          "penalty_ttl": 0.0,
          "route_entropy": 0.00014686529204279903,
          "route_loss": 0.0,
          "route_match": 0.0,
          "router_confidence": 0.9999880934542908,
          "task_loss": 1.3787617515310158,
          "transition_delay_to_delay": 0.0,
          "transition_delay_to_exit": 0.0,
          "transition_delay_to_forward": 0.0,
          "transition_exit_to_delay": 0.0,
          "transition_exit_to_exit": 0.0,
          "transition_exit_to_forward": 0.0,
          "transition_forward_to_delay": 0.0,
          "transition_forward_to_exit": 0.0,
          "transition_forward_to_forward": 0.0,
          "ttl_fail": 0.0
        },
        "delay_to_trigger_exit": {
          "accuracy": 0.2633587883515212,
          "compute": 1.0019083928515893,
          "count": 524,
          "decision_count": 1.0019083928515893,
          "delay_rate": 0.0,
          "delay_retain_mean": 0.0,
          "delay_write_mean": 1.0,
          "delays": 0.0,
          "early_exit_mass": 1.0,
          "early_exit_rate": 1.0,
          "exit_age_mean": 0.0019083969572288844,
          "exit_rate": 0.9990458035742054,
          "exit_time": 0.0,
          "exits": 1.0,
          "forward_rate": 0.0009541984786144422,
          "hops": 0.0019083969572288844,
          "loss": 1.3787322699568654,
          "mailbox_occupancy": 0.0,
          "mailbox_peak": 0.0,
          "oracle_route_loss": 0.0,
          "packet_age_max": 0.0019083969572288844,
          "packet_age_mean": 0.0009541984786144422,
          "penalty_delays": 0.0,
          "penalty_hops": 0.0,
          "penalty_ttl": 0.0,
          "route_entropy": 0.00014700964389245368,
          "route_loss": 0.0,
          "route_match": 0.0,
          "router_confidence": 0.9999880772510558,
          "task_loss": 1.3787322699568654,
          "transition_delay_to_delay": 0.0,
          "transition_delay_to_exit": 0.0,
          "transition_delay_to_forward": 0.0,
          "transition_exit_to_delay": 0.0,
          "transition_exit_to_exit": 0.0,
          "transition_exit_to_forward": 0.0,
          "transition_forward_to_delay": 0.0,
          "transition_forward_to_exit": 0.0019083969572288844,
          "transition_forward_to_forward": 0.0,
          "ttl_fail": 0.0
        },
        "easy_exit": {
          "accuracy": 0.4738878163309116,
          "compute": 0.9999999936590803,
          "count": 517,
          "decision_count": 0.9999999936590803,
          "delay_rate": 0.0,
          "delay_retain_mean": 0.0,
          "delay_write_mean": 0.9999999936590803,
          "delays": 0.0,
          "early_exit_mass": 0.9999999936590803,
          "early_exit_rate": 0.9999999936590803,
          "exit_age_mean": 0.0,
          "exit_rate": 0.9999999936590803,
          "exit_time": 0.0,
          "exits": 0.9999999936590803,
          "forward_rate": 0.0,
          "hops": 0.0,
          "loss": 1.3792130340690538,
          "mailbox_occupancy": 0.0,
          "mailbox_peak": 0.0,
          "oracle_route_loss": 0.0,
          "packet_age_max": 0.0,
          "packet_age_mean": 0.0,
          "penalty_delays": 0.0,
          "penalty_hops": 0.0,
          "penalty_ttl": 0.0,
          "route_entropy": 0.00013044706159145202,
          "route_loss": 0.0,
          "route_match": 0.9999999936590803,
          "router_confidence": 0.9999895471668797,
          "task_loss": 1.3792130340690538,
          "transition_delay_to_delay": 0.0,
          "transition_delay_to_exit": 0.0,
          "transition_delay_to_forward": 0.0,
          "transition_exit_to_delay": 0.0,
          "transition_exit_to_exit": 0.0,
          "transition_exit_to_forward": 0.0,
          "transition_forward_to_delay": 0.0,
          "transition_forward_to_exit": 0.0,
          "transition_forward_to_forward": 0.0,
          "ttl_fail": 0.0
        }
      },
      "per_slice": {
        "distance_long": {
          "accuracy": 0.2581926557904085,
          "compute": 0.9999999928379721,
          "count": 1007,
          "delay_rate": 0.0,
          "delay_retain_mean": 0.0,
          "delay_write_mean": 0.9999999928379721,
          "delays": 0.0,
          "early_exit_rate": 0.9999999928379721,
          "exit_rate": 0.9999999928379721,
          "exit_time": 0.0,
          "packet_age_mean": 0.0,
          "route_entropy": 0.00014686529204279903,
          "route_match": 0.0,
          "router_confidence": 0.9999880934542908
        },
        "distance_short": {
          "accuracy": 0.3679154669860598,
          "compute": 1.0009606123314123,
          "count": 1041,
          "delay_rate": 0.0,
          "delay_retain_mean": 0.0,
          "delay_write_mean": 0.9999999930718905,
          "delays": 0.0,
          "early_exit_rate": 0.9999999930718905,
          "exit_rate": 0.9995196834421295,
          "exit_time": 0.0,
          "packet_age_mean": 0.00048030739293168016,
          "route_entropy": 0.00013878404023707285,
          "route_match": 0.4966378470204635,
          "router_confidence": 0.9999888174586521
        },
        "trigger_early": {
          "accuracy": 0.306031278306126,
          "compute": 1.0007445935606514,
          "count": 1343,
          "delay_rate": 0.0,
          "delay_retain_mean": 0.0,
          "delay_write_mean": 0.9999999853540337,
          "delays": 0.0,
          "early_exit_rate": 0.9999999853540337,
          "exit_rate": 0.9996276848900256,
          "exit_time": 0.0,
          "packet_age_mean": 0.00037230080519251563,
          "route_entropy": 0.00014246318867077812,
          "route_match": 0.26731198957316127,
          "router_confidence": 0.999988487604742
        },
        "trigger_mid": {
          "accuracy": 0.32907801414212434,
          "compute": 0.9999999920527141,
          "count": 705,
          "delay_rate": 0.0,
          "delay_retain_mean": 0.0,
          "delay_write_mean": 0.9999999920527141,