{
  "benchmark": "long_horizon_memory_v2",
  "config_path": "configs/phase2/final/hard_st_benchmark_b_v2_gatedblend_seed603.yaml",
  "method": "hard_st",
  "results_dir": "results/phase2_final/hard_st_b_v2_gatedblend_seed603",
  "summary": {
    "best_val_accuracy": 0.3076171875,
    "best_val_metrics": {
      "accuracy": 0.3076171875,
      "compute": 1.00048828125,
      "decision_count": 1.00048828125,
      "delay_rate": 0.0,
      "delay_retain_mean": 0.0,
      "delay_write_loss": 0.0,
      "delay_write_mean": 1.0,
      "delays": 0.0,
      "early_exit_mass": 1.0,
      "early_exit_rate": 1.0,
      "examples_per_sec": 7798.786677500919,
      "examples_seen": 2048,
      "exit_age_mean": 0.00048828125,
      "exit_rate": 0.999755859375,
      "exit_time": 0.0,
      "exits": 1.0,
      "forward_rate": 0.000244140625,
      "hops": 0.00048828125,
      "loss": 1.3900642395019531,
      "mailbox_occupancy": 0.0,
      "mailbox_peak": 0.0,
      "oracle_route_loss": 0.0,
      "packet_age_max": 0.00048828125,
      "packet_age_mean": 0.000244140625,
      "peak_memory_mb": 115.5068359375,
      "penalty_delays": 0.0,
      "penalty_hops": 0.0,
      "penalty_ttl": 0.0,
      "per_mode": {
        "delay_to_final_query": {
          "accuracy": 0.25223436285746254,
          "compute": 1.0009930441017303,
          "count": 1007,
          "decision_count": 1.0009930441017303,
          "delay_rate": 0.0,
          "delay_retain_mean": 0.0,
          "delay_write_loss": 0.0,
          "delay_write_mean": 0.9999999928379721,
          "delays": 0.0,
          "early_exit_mass": 0.9999999928379721,
          "early_exit_rate": 0.9999999928379721,
          "exit_age_mean": 0.0009930486418121857,
          "exit_rate": 0.9995034672060932,
          "exit_time": 0.0,
          "exits": 0.9999999928379721,
          "forward_rate": 0.0004965243209060929,
          "hops": 0.0009930486418121857,
          "loss": 1.390242664437545,
          "mailbox_occupancy": 0.0,
          "mailbox_peak": 0.0,
          "oracle_route_loss": 0.0,
          "packet_age_max": 0.0009930486418121857,
          "packet_age_mean": 0.0004965243209060929,
          "penalty_delays": 0.0,
          "penalty_hops": 0.0,
          "penalty_ttl": 0.0,
          "route_entropy": 0.00047909333476983565,
          "route_loss": 0.0,
          "route_match": 0.0,
          "router_confidence": 0.9999566310803963,
          "task_loss": 1.390242664437545,
          "transition_delay_to_delay": 0.0,
          "transition_delay_to_exit": 0.0,
          "transition_delay_to_forward": 0.0,
          "transition_exit_to_delay": 0.0,
          "transition_exit_to_exit": 0.0,
          "transition_exit_to_forward": 0.0,
          "transition_forward_to_delay": 0.0,
          "transition_forward_to_exit": 0.0009930486418121857,
          "transition_forward_to_forward": 0.0,
          "ttl_fail": 0.0
        },
        "delay_to_trigger_exit": {
          "accuracy": 0.24809160794465596,
          "compute": 1.0,
          "count": 524,
          "decision_count": 1.0,
          "delay_rate": 0.0,
          "delay_retain_mean": 0.0,
          "delay_write_loss": 0.0,
          "delay_write_mean": 1.0,
          "delays": 0.0,
          "early_exit_mass": 1.0,
          "early_exit_rate": 1.0,
          "exit_age_mean": 0.0,
          "exit_rate": 1.0,
          "exit_time": 0.0,
          "exits": 1.0,
          "forward_rate": 0.0,
          "hops": 0.0,
          "loss": 1.3903315704287464,
          "mailbox_occupancy": 0.0,
          "mailbox_peak": 0.0,
          "oracle_route_loss": 0.0,
          "packet_age_max": 0.0,
          "packet_age_mean": 0.0,
          "penalty_delays": 0.0,
          "penalty_hops": 0.0,
          "penalty_ttl": 0.0,
          "route_entropy": 0.0004782039209029936,
          "route_loss": 0.0,
          "route_match": 0.0,
          "router_confidence": 0.9999567329428578,
          "task_loss": 1.3903315704287464,
          "transition_delay_to_delay": 0.0,
          "transition_delay_to_exit": 0.0,
          "transition_delay_to_forward": 0.0,
          "transition_exit_to_delay": 0.0,
          "transition_exit_to_exit": 0.0,
          "transition_exit_to_forward": 0.0,
          "transition_forward_to_delay": 0.0,
          "transition_forward_to_exit": 0.0,
          "transition_forward_to_forward": 0.0,
          "ttl_fail": 0.0
        },
        "easy_exit": {
          "accuracy": 0.4758220519618324,
          "compute": 0.9999999936590803,
          "count": 517,
          "decision_count": 0.9999999936590803,
          "delay_rate": 0.0,
          "delay_retain_mean": 0.0,
          "delay_write_loss": 0.0,
          "delay_write_mean": 0.9999999936590803,
          "delays": 0.0,
          "early_exit_mass": 0.9999999936590803,
          "early_exit_rate": 0.9999999936590803,
          "exit_age_mean": 0.0,
          "exit_rate": 0.9999999936590803,
          "exit_time": 0.0,
          "exits": 0.9999999936590803,
          "forward_rate": 0.0,
          "hops": 0.0,
          "loss": 1.3894458672525343,
          "mailbox_occupancy": 0.0,
          "mailbox_peak": 0.0,
          "oracle_route_loss": 0.0,
          "packet_age_max": 0.0,
          "packet_age_mean": 0.0,
          "penalty_delays": 0.0,
          "penalty_hops": 0.0,
          "penalty_ttl": 0.0,
          "route_entropy": 0.0004928607308545386,
          "route_loss": 0.0,
          "route_match": 0.9999999936590803,
          "router_confidence": 0.9999552424456672,
          "task_loss": 1.3894458672525343,
          "transition_delay_to_delay": 0.0,
          "transition_delay_to_exit": 0.0,
          "transition_delay_to_forward": 0.0,
          "transition_exit_to_delay": 0.0,
          "transition_exit_to_exit": 0.0,
          "transition_exit_to_forward": 0.0,
          "transition_forward_to_delay": 0.0,
          "transition_forward_to_exit": 0.0,
          "transition_forward_to_forward": 0.0,
          "ttl_fail": 0.0
        }
      },
      "per_slice": {
        "distance_long": {
          "accuracy": 0.25223436285746254,
          "compute": 1.0009930441017303,
          "count": 1007,
          "delay_rate": 0.0,
          "delay_retain_mean": 0.0,
          "delay_write_mean": 0.9999999928379721,
          "delays": 0.0,
          "early_exit_rate": 0.9999999928379721,
          "exit_rate": 0.9995034672060932,
          "exit_time": 0.0,
          "packet_age_mean": 0.0004965243209060929,
          "route_entropy": 0.00047909333476983565,
          "route_match": 0.0,
          "router_confidence": 0.9999566310803963
        },
        "distance_short": {
          "accuracy": 0.36119116801235335,
          "compute": 0.9999999930718905,
          "count": 1041,
          "delay_rate": 0.0,
          "delay_retain_mean": 0.0,
          "delay_write_mean": 0.9999999930718905,
          "delays": 0.0,
          "early_exit_rate": 0.9999999930718905,
          "exit_rate": 0.9999999930718905,
          "exit_time": 0.0,
          "packet_age_mean": 0.0,
          "route_entropy": 0.00048548302657483547,
          "route_match": 0.4966378470204635,
          "router_confidence": 0.9999559810250912
        },
        "trigger_early": {
          "accuracy": 0.31273269318238356,
          "compute": 1.0007445868146305,
          "count": 1343,
          "delay_rate": 0.0,
          "delay_retain_mean": 0.0,
          "delay_write_mean": 0.9999999853540337,
          "delays": 0.0,
          "early_exit_rate": 0.9999999853540337,
          "exit_rate": 0.9996276846237353,
          "exit_time": 0.0,
          "packet_age_mean": 0.00037230082287585567,
          "route_entropy": 0.00048278275857646956,
          "route_match": 0.26731198957316127,
          "router_confidence": 0.9999562513890412
        },
        "trigger_mid": {
          "accuracy": 0.29787234004507673,
          "compute": 0.9999999920527141,
          "count": 705,