{
  "benchmark": "long_horizon_memory_v1",
  "config_path": "configs/phase2/dev/hard_st_benchmark_b_v1_gru_oraclewarm.yaml",
  "method": "hard_st",
  "results_dir": "results/phase2_dev/hard_st_b_v1_gru_oraclewarm",
  "summary": {
    "best_val_accuracy": 0.25439453125,
    "best_val_metrics": {
      "accuracy": 0.25439453125,
      "compute": 127.98876953125,
      "decision_count": 127.9873046875,
      "delay_rate": 0.9921942353248596,
      "delays": 126.98828125,
      "early_exit_mass": 0.0,
      "early_exit_rate": 0.0,
      "examples_per_sec": 1550.536706754092,
      "examples_seen": 2048,
      "exit_age_mean": 126.98876953125,
      "exit_rate": 0.007801992353051901,
      "exit_time": 126.98681640625,
      "exits": 1.0,
      "forward_rate": 3.785125954891555e-06,
      "hops": 0.00048828125,
      "loss": 2.0358622074127197,
      "mailbox_occupancy": 0.992095947265625,
      "mailbox_peak": 1.0,
      "oracle_route_loss": 0.0,
      "packet_age_max": 126.9873046875,
      "packet_age_mean": 63.49365234375,
      "peak_memory_mb": 113.833984375,
      "penalty_delays": 0.6349413394927979,
      "penalty_hops": 0.0,
      "penalty_ttl": 0.000732421875,
      "per_slice": {
        "distance_long": {
          "accuracy": 0.25439453125,
          "compute": 127.98876953125,
          "count": 2048,
          "delay_rate": 0.992194227874279,
          "delays": 126.98828125,
          "early_exit_rate": 0.0,
          "exit_rate": 0.007801992236636579,
          "exit_time": 126.98681640625,
          "packet_age_mean": 63.49365234375,
          "route_match": 0.99755859375
        },
        "trigger_early": {
          "accuracy": 0.25036819003774774,
          "compute": 127.99852339754399,
          "count": 1358,
          "delay_rate": 0.9921987564995643,
          "delays": 126.99778861606244,
          "early_exit_rate": 0.0,
          "exit_rate": 0.007795523982755675,
          "exit_time": 126.99557819843994,
          "packet_age_mean": 63.49815747874826,
          "route_match": 0.9970544712269604
        },
        "trigger_mid": {
          "accuracy": 0.2623188467345376,
          "compute": 127.9695657481318,
          "count": 690,
          "delay_rate": 0.9921852764875992,
          "delays": 126.9695657481318,
          "early_exit_rate": 0.0,
          "exit_rate": 0.00781472214376149,
          "exit_time": 126.9695657481318,
          "packet_age_mean": 63.4847828740659,
          "route_match": 0.9985507280930229
        }
      },
      "phase": "hard_st",
      "route_entropy": 1.336194145551417e-05,
      "route_loss": 0.6356737613677979,
      "route_match": 0.99755859375,
      "router_confidence": 0.9999990463256836,
      "split": "val",
      "step": 219,
      "task_loss": 1.4001884460449219,
      "transition_delay_to_delay": 0.9921292066574097,
      "transition_delay_to_exit": 0.007863431237637997,
      "transition_delay_to_forward": 3.814697265625e-06,
      "transition_exit_to_delay": 0.0,
      "transition_exit_to_exit": 0.0,
      "transition_exit_to_forward": 0.0,
      "transition_forward_to_delay": 3.814697265625e-06,
      "transition_forward_to_exit": 0.0,
      "transition_forward_to_forward": 0.0,
      "ttl_fail": 0.00146484375,
      "wall_time_sec": 1.3208329677581787
    },
    "checkpoint": "results/phase2_dev/hard_st_b_v1_gru_oraclewarm/hard_st_best.pt",
    "peak_train_memory_mb": 1289.68310546875,
    "phase_wall_time_sec": 100.93785738945007,
    "test": {
      "accuracy": 0.2415364533662796,
      "compute": 127.97005462646484,
      "decision_count": 127.96810150146484,
      "delay_rate": 0.9921994805335999,
      "delays": 126.97005462646484,
      "early_exit_mass": 0.0,
      "early_exit_rate": 0.0,
      "examples_per_sec": 1548.8153891757354,
      "examples_seen": 3072,
      "exit_age_mean": 126.97005462646484,
      "exit_rate": 0.0078004808165133,
      "exit_time": 126.96810150146484,
      "exits": 1.0,
      "forward_rate": 0.0,
      "hops": 0.0,
      "loss": 2.036858320236206,
      "mailbox_occupancy": 0.9919535517692566,
      "mailbox_peak": 1.0,
      "oracle_route_loss": 0.0,
      "packet_age_max": 126.96810150146484,
      "packet_age_mean": 63.48405075073242,
      "peak_memory_mb": 113.974609375,
      "penalty_delays": 0.6348502039909363,
      "penalty_hops": 0.0,
      "penalty_ttl": 0.0009765625,
      "per_slice": {
        "distance_long": {
          "accuracy": 0.24153645833333334,
          "compute": 127.97005208333333,
          "count": 3072,
          "delay_rate": 0.9921995202700297,
          "delays": 126.97005208333333,
          "early_exit_rate": 0.0,
          "exit_rate": 0.0078004813597848015,
          "exit_time": 126.96809895833333,
          "packet_age_mean": 63.484049479166664,
          "route_match": 0.9973958333333334
        },
        "trigger_early": {
          "accuracy": 0.2547357934392461,
          "compute": 127.97307995523317,
          "count": 2006,
          "delay_rate": 0.9921960525236957,
          "delays": 126.97308062080847,
          "early_exit_rate": 0.0,
          "exit_rate": 0.0078039428798141975,
          "exit_time": 126.97158507311927,
          "packet_age_mean": 63.485792536559636,
          "route_match": 0.9980059768540315
        },
        "trigger_mid": {
          "accuracy": 0.2166979363918528,
          "compute": 127.9643505661841,
          "count": 1066,
          "delay_rate": 0.9922060306702949,
          "delays": 126.96435186160662,
          "early_exit_rate": 0.0,
          "exit_rate": 0.007793967356541898,
          "exit_time": 126.96153707307454,
          "packet_age_mean": 63.48076853653727,
          "route_match": 0.9962476484659242
        }
      },
      "phase": "hard_st",
      "route_entropy": 1.335584693151759e-05,
      "route_loss": 0.6358267664909363,
      "route_match": 0.9973958134651184,
      "router_confidence": 0.9999990463256836,
      "split": "test",
      "step": 220,
      "task_loss": 1.401031494140625,
      "transition_delay_to_delay": 0.9921383857727051,
      "transition_delay_to_exit": 0.007861942984163761,
      "transition_delay_to_forward": 0.0,
      "transition_exit_to_delay": 0.0,
      "transition_exit_to_exit": 0.0,
      "transition_exit_to_forward": 0.0,
      "transition_forward_to_delay": 0.0,
      "transition_forward_to_exit": 0.0,
      "transition_forward_to_forward": 0.0,
      "ttl_fail": 0.001953125,
      "wall_time_sec": 1.9834513664245605
    }
  }
}