{
  "benchmark": "long_horizon_memory_v1",
  "config_path": "configs/phase2/dev/hard_st_benchmark_b_v1_gru.yaml",
  "method": "hard_st",
  "results_dir": "results/phase2_dev/hard_st_b_v1_gru",
  "summary": {
    "best_val_accuracy": 0.25439453125,
    "best_val_metrics": {
      "accuracy": 0.25439453125,
      "compute": 1.00048828125,
      "decision_count": 1.00048828125,
      "delay_rate": 0.0,
      "delays": 0.0,
      "early_exit_mass": 1.0,
      "early_exit_rate": 1.0,
      "examples_per_sec": 9608.642913711716,
      "examples_seen": 2048,
      "exit_age_mean": 0.00048828125,
      "exit_rate": 0.999755859375,
      "exit_time": 0.0,
      "exits": 1.0,
      "forward_rate": 0.000244140625,
      "hops": 0.00048828125,
      "loss": 1.3878440856933594,
      "mailbox_occupancy": 0.0,
      "mailbox_peak": 0.0,
      "oracle_route_loss": 0.0,
      "packet_age_max": 0.00048828125,
      "packet_age_mean": 0.000244140625,
      "peak_memory_mb": 106.22265625,
      "penalty_delays": 0.0,
      "penalty_hops": 0.0,
      "penalty_ttl": 0.0,
      "per_slice": {
        "distance_long": {
          "accuracy": 0.25439453125,
          "compute": 1.00048828125,
          "count": 2048,
          "delay_rate": 0.0,
          "delays": 0.0,
          "early_exit_rate": 1.0,
          "exit_rate": 0.999755859375,
          "exit_time": 0.0,
          "packet_age_mean": 0.000244140625,
          "route_match": 0.0
        },
        "trigger_early": {
          "accuracy": 0.25036819003774774,
          "compute": 1.0007363600390298,
          "count": 1358,
          "delay_rate": 0.0,
          "delays": 0.0,
          "early_exit_rate": 0.9999999710755074,
          "exit_rate": 0.9996317839236253,
          "exit_time": 0.0,
          "packet_age_mean": 0.00036818852623450034,
          "route_match": 0.0
        },
        "trigger_mid": {
          "accuracy": 0.2623188467345376,
          "compute": 1.0,
          "count": 690,
          "delay_rate": 0.0,
          "delays": 0.0,
          "early_exit_rate": 1.0,
          "exit_rate": 1.0,
          "exit_time": 0.0,
          "packet_age_mean": 0.0,
          "route_match": 0.0
        }
      },
      "phase": "hard_st",
      "route_entropy": 0.00011180929868714884,
      "route_loss": 0.0,
      "route_match": 0.0,
      "router_confidence": 0.9999913573265076,
      "split": "val",
      "step": 149,
      "task_loss": 1.3878440856933594,
      "transition_delay_to_delay": 0.0,
      "transition_delay_to_exit": 0.0,
      "transition_delay_to_forward": 0.0,
      "transition_exit_to_delay": 0.0,
      "transition_exit_to_exit": 0.0,
      "transition_exit_to_forward": 0.0,
      "transition_forward_to_delay": 0.0,
      "transition_forward_to_exit": 0.00048828125,
      "transition_forward_to_forward": 0.0,
      "ttl_fail": 0.0,
      "wall_time_sec": 0.21314144134521484
    },
    "checkpoint": "results/phase2_dev/hard_st_b_v1_gru/hard_st_best.pt",
    "peak_train_memory_mb": 288.0439453125,
    "phase_wall_time_sec": 6.4242377281188965,
    "test": {
      "accuracy": 0.2415364533662796,
      "compute": 1.0,
      "decision_count": 1.0,
      "delay_rate": 0.0,
      "delays": 0.0,
      "early_exit_mass": 1.0,
      "early_exit_rate": 1.0,
      "examples_per_sec": 9481.41517214584,
      "examples_seen": 3072,
      "exit_age_mean": 0.0,
      "exit_rate": 1.0,
      "exit_time": 0.0,
      "exits": 1.0,
      "forward_rate": 0.0,
      "hops": 0.0,
      "loss": 1.38922119140625,
      "mailbox_occupancy": 0.0,
      "mailbox_peak": 0.0,
      "oracle_route_loss": 0.0,
      "packet_age_max": 0.0,
      "packet_age_mean": 0.0,
      "peak_memory_mb": 104.759765625,
      "penalty_delays": 0.0,
      "penalty_hops": 0.0,
      "penalty_ttl": 0.0,
      "per_slice": {
        "distance_long": {
          "accuracy": 0.24153645833333334,
          "compute": 1.0,
          "count": 3072,
          "delay_rate": 0.0,
          "delays": 0.0,
          "early_exit_rate": 1.0,
          "exit_rate": 1.0,
          "exit_time": 0.0,
          "packet_age_mean": 0.0,
          "route_match": 0.0
        },
        "trigger_early": {
          "accuracy": 0.2547357934392461,
          "compute": 0.9999999952756039,
          "count": 2006,
          "delay_rate": 0.0,
          "delays": 0.0,
          "early_exit_rate": 0.9999999952756039,
          "exit_rate": 0.9999999952756039,
          "exit_time": 0.0,
          "packet_age_mean": 0.0,
          "route_match": 0.0
        },
        "trigger_mid": {
          "accuracy": 0.2166979363918528,
          "compute": 0.9999999899354258,
          "count": 1066,
          "delay_rate": 0.0,
          "delays": 0.0,
          "early_exit_rate": 0.9999999899354258,
          "exit_rate": 0.9999999899354258,
          "exit_time": 0.0,
          "packet_age_mean": 0.0,
          "route_match": 0.0
        }
      },
      "phase": "hard_st",
      "route_entropy": 0.00011157236440340057,
      "route_loss": 0.0,
      "route_match": 0.0,
      "router_confidence": 0.999991238117218,
      "split": "test",
      "step": 180,
      "task_loss": 1.38922119140625,
      "transition_delay_to_delay": 0.0,
      "transition_delay_to_exit": 0.0,
      "transition_delay_to_forward": 0.0,
      "transition_exit_to_delay": 0.0,
      "transition_exit_to_exit": 0.0,
      "transition_exit_to_forward": 0.0,
      "transition_forward_to_delay": 0.0,
      "transition_forward_to_exit": 0.0,
      "transition_forward_to_forward": 0.0,
      "ttl_fail": 0.0,
      "wall_time_sec": 0.3240022659301758
    }
  }
}