{
  "benchmark": "long_horizon_memory_v2",
  "config_path": "configs/phase2/dev/hard_st_benchmark_b_v2_gatedblend_writeaux_maskcurr.yaml",
  "method": "hard_st",
  "results_dir": "results/phase2_dev/hard_st_b_v2_gatedblend_writeaux_maskcurr",
  "summary": {
    "best_val_accuracy": 0.44921875,
    "best_val_metrics": {
      "accuracy": 0.44921875,
      "compute": 1.001953125,
      "decision_count": 1.001953125,
      "delay_rate": 0.0009765625,
      "delay_retain_mean": 0.0019435882568359375,
      "delay_write_loss": 0.0,
      "delay_write_mean": 0.9980564117431641,
      "delays": 0.001953125,
      "early_exit_mass": 0.998046875,
      "early_exit_rate": 0.998046875,
      "examples_per_sec": 7635.00877454954,
      "examples_seen": 2048,
      "exit_age_mean": 0.001953125,
      "exit_rate": 0.9990234375,
      "exit_time": 0.001953125,
      "exits": 1.0,
      "forward_rate": 0.0,
      "hops": 0.0,
      "loss": 1.5618447065353394,
      "mailbox_occupancy": 1.52587890625e-05,
      "mailbox_peak": 0.001953125,
      "oracle_route_loss": 0.0,
      "packet_age_max": 0.001953125,
      "packet_age_mean": 0.0009765625,
      "peak_memory_mb": 123.41162109375,
      "penalty_delays": 5.859375505679054e-06,
      "penalty_hops": 0.0,
      "penalty_ttl": 0.0,
      "per_mode": {
        "delay_to_final_query": {
          "accuracy": 0.2720953385311418,
          "compute": 1.0009930452855365,
          "count": 1007,
          "decision_count": 1.0009930452855365,
          "delay_rate": 0.0004965243301545793,
          "delay_retain_mean": 0.0009891695491858604,
          "delay_write_loss": 0.0,
          "delay_write_mean": 0.9990108262344292,
          "delays": 0.0009930486603091585,
          "early_exit_mass": 0.9990069480851484,
          "early_exit_rate": 0.9990069480851484,
          "exit_age_mean": 0.0009930486603091585,
          "exit_rate": 0.99950346661419,
          "exit_time": 0.0009930486603091585,
          "exits": 0.9999999928379721,
          "forward_rate": 0.0,
          "hops": 0.0,
          "loss": 1.565763107832991,
          "mailbox_occupancy": 7.758192658665301e-06,
          "mailbox_peak": 0.0009930486603091585,
          "oracle_route_loss": 0.0,
          "packet_age_max": 0.0009930486603091585,
          "packet_age_mean": 0.0004965243301545793,
          "penalty_delays": 6.086301823077162e-06,
          "penalty_hops": 0.0,
          "penalty_ttl": 0.0,
          "route_entropy": 0.0010607275659127796,
          "route_loss": 6.086301823077162e-06,
          "route_match": 0.0,
          "router_confidence": 0.9998970424761957,
          "task_loss": 1.5657570241342826,
          "transition_delay_to_delay": 0.0,
          "transition_delay_to_exit": 0.0009930486603091585,
          "transition_delay_to_forward": 0.0,
          "transition_exit_to_delay": 0.0,
          "transition_exit_to_exit": 0.0,
          "transition_exit_to_forward": 0.0,
          "transition_forward_to_delay": 0.0,
          "transition_forward_to_exit": 0.0,
          "transition_forward_to_forward": 0.0,
          "ttl_fail": 0.0
        },
        "delay_to_trigger_exit": {
          "accuracy": 0.2480916119827569,
          "compute": 1.0038167952581216,
          "count": 524,
          "decision_count": 1.0038167952581216,
          "delay_rate": 0.0019083969945528807,
          "delay_retain_mean": 0.0038018846201873916,
          "delay_write_loss": 0.0,
          "delay_write_mean": 0.9961981231929692,
          "delays": 0.0038167939891057615,
          "early_exit_mass": 0.9961832174818024,
          "early_exit_rate": 0.9961832174818024,
          "exit_age_mean": 0.0038167939891057615,
          "exit_rate": 0.9980916087409012,
          "exit_time": 0.0038167939891057615,
          "exits": 1.0,
          "forward_rate": 0.0,
          "hops": 0.0,
          "loss": 1.5643006413037541,
          "mailbox_occupancy": 2.981870303988876e-05,
          "mailbox_peak": 0.0038167939891057615,
          "oracle_route_loss": 0.0,
          "packet_age_max": 0.0038167939891057615,
          "packet_age_mean": 0.0019083969945528807,
          "penalty_delays": 5.658098808724126e-06,
          "penalty_hops": 0.0,
          "penalty_ttl": 0.0,
          "route_entropy": 0.0010578286605673836,
          "route_loss": 5.658098808724126e-06,
          "route_match": 0.0,
          "router_confidence": 0.9998973628491846,
          "task_loss": 1.5642950007023702,
          "transition_delay_to_delay": 0.0,
          "transition_delay_to_exit": 0.0038167939891057615,
          "transition_delay_to_forward": 0.0,
          "transition_exit_to_delay": 0.0,
          "transition_exit_to_exit": 0.0,
          "transition_exit_to_forward": 0.0,
          "transition_forward_to_delay": 0.0,
          "transition_forward_to_exit": 0.0,
          "transition_forward_to_forward": 0.0,
          "ttl_fail": 0.0
        },
        "easy_exit": {
          "accuracy": 0.9980657650608159,
          "compute": 1.0019342367838153,
          "count": 517,
          "decision_count": 1.0019342367838153,
          "delay_rate": 0.0009671180442379106,
          "delay_retain_mean": 0.00191912492755188,
          "delay_write_loss": 0.0,
          "delay_write_mean": 0.9980808725901222,
          "delays": 0.0019342360884758213,
          "early_exit_mass": 0.9980657650608159,
          "early_exit_rate": 0.9980657650608159,
          "exit_age_mean": 0.0019342360884758213,
          "exit_rate": 0.9990328793599481,
          "exit_time": 0.0019342360884758213,
          "exits": 0.9999999936590803,
          "forward_rate": 0.0,
          "hops": 0.0,
          "loss": 1.5517234682345067,
          "mailbox_occupancy": 1.5111219441217354e-05,
          "mailbox_peak": 0.0019342360884758213,
          "oracle_route_loss": 0.0,
          "packet_age_max": 0.0019342360884758213,
          "packet_age_mean": 0.0009671180442379106,
          "penalty_delays": 5.621373481308024e-06,
          "penalty_hops": 0.0,
          "penalty_ttl": 0.0,
          "route_entropy": 0.0003085342490085449,
          "route_loss": 5.621373481308024e-06,
          "route_match": 0.9980657650608159,
          "router_confidence": 0.9999735648212396,
          "task_loss": 1.5517178497185329,
          "transition_delay_to_delay": 0.0,
          "transition_delay_to_exit": 0.0019342360884758213,
          "transition_delay_to_forward": 0.0,
          "transition_exit_to_delay": 0.0,
          "transition_exit_to_exit": 0.0,
          "transition_exit_to_forward": 0.0,
          "transition_forward_to_delay": 0.0,
          "transition_forward_to_exit": 0.0,
          "transition_forward_to_forward": 0.0,
          "ttl_fail": 0.0
        }
      },
      "per_slice": {
        "distance_long": {
          "accuracy": 0.2720953385311418,
          "compute": 1.0009930452855365,
          "count": 1007,
          "delay_rate": 0.0004965243301545793,
          "delay_retain_mean": 0.0009891695491858604,
          "delay_write_mean": 0.9990108262344292,
          "delays": 0.0009930486603091585,
          "early_exit_rate": 0.9990069480851484,
          "exit_rate": 0.99950346661419,
          "exit_time": 0.0009930486603091585,
          "packet_age_mean": 0.0004965243301545793,
          "route_entropy": 0.0010607275659127796,
          "route_match": 0.0,
          "router_confidence": 0.9998970424761957
        },
        "distance_short": {
          "accuracy": 0.6205571573245536,
          "compute": 1.0028818418038339,
          "count": 1041,
          "delay_rate": 0.0014409222356048228,
          "delay_retain_mean": 0.0028668349281339893,
          "delay_write_mean": 0.9971331645959164,
          "delays": 0.0028818444712096457,
          "early_exit_rate": 0.9971181511535425,
          "exit_rate": 0.9985590755195142,
          "exit_time": 0.0028818444712096457,
          "packet_age_mean": 0.0014409222356048228,