{
  "benchmark": "long_horizon_memory_v1",
  "config_path": "configs/phase2/dev/hard_st_benchmark_b_v1_gatedblend_writeaux_oraclewarm.yaml",
  "method": "hard_st",
  "results_dir": "results/phase2_dev/hard_st_b_v1_gatedblend_writeaux_oraclewarm",
  "summary": {
    "best_val_accuracy": 0.25439453125,
    "best_val_metrics": {
      "accuracy": 0.25439453125,
      "compute": 128.0,
      "decision_count": 128.0,
      "delay_rate": 0.9921875,
      "delay_retain_mean": 1.0,
      "delay_write_loss": 0.0,
      "delay_write_mean": 0.0,
      "delays": 127.0,
      "early_exit_mass": 0.0,
      "early_exit_rate": 0.0,
      "examples_per_sec": 1402.9293832812662,
      "examples_seen": 2048,
      "exit_age_mean": 127.0,
      "exit_rate": 0.0078125,
      "exit_time": 127.0,
      "exits": 1.0,
      "forward_rate": 0.0,
      "hops": 0.0,
      "loss": 2.0279366970062256,
      "mailbox_occupancy": 0.9921875,
      "mailbox_peak": 1.0,
      "oracle_route_loss": 0.0,
      "packet_age_max": 127.0,
      "packet_age_mean": 63.5,
      "peak_memory_mb": 118.65966796875,
      "penalty_delays": 0.6350001692771912,
      "penalty_hops": 0.0,
      "penalty_ttl": 0.0,
      "per_slice": {
        "distance_long": {
          "accuracy": 0.25439453125,
          "compute": 128.0,
          "count": 2048,
          "delay_rate": 0.9921875,
          "delay_retain_mean": 1.0,
          "delay_write_mean": 0.0,
          "delays": 127.0,
          "early_exit_rate": 0.0,
          "exit_rate": 0.0078125,
          "exit_time": 127.0,
          "packet_age_mean": 63.5,
          "route_entropy": 2.932177409320502e-06,
          "route_match": 1.0,
          "router_confidence": 0.9999998807907104
        },
        "trigger_early": {
          "accuracy": 0.25036819003774774,
          "compute": 127.99999629766495,
          "count": 1358,
          "delay_rate": 0.9921874784053865,
          "delay_retain_mean": 0.9999999710755074,
          "delay_write_mean": 0.0,
          "delays": 126.99999723588947,
          "early_exit_rate": 0.0,
          "exit_rate": 0.007812499774027402,
          "exit_time": 126.99999723588947,
          "packet_age_mean": 63.49999861794473,
          "route_entropy": 2.9366903969149973e-06,
          "route_match": 0.9999999710755074,
          "router_confidence": 0.9999997995914521
        },
        "trigger_mid": {
          "accuracy": 0.2623188467345376,
          "compute": 128.0,
          "count": 690,
          "delay_rate": 0.9921875,
          "delay_retain_mean": 1.0,
          "delay_write_mean": 0.0,
          "delays": 127.0,
          "early_exit_rate": 0.0,
          "exit_rate": 0.0078125,
          "exit_time": 127.0,
          "packet_age_mean": 63.5,
          "route_entropy": 2.9232950315628736e-06,
          "route_match": 1.0,
          "router_confidence": 0.9999998542709627
        }
      },
      "phase": "hard_st",
      "route_entropy": 2.932177267211955e-06,
      "route_loss": 0.6350001692771912,
      "route_match": 1.0,
      "router_confidence": 0.9999999403953552,
      "split": "val",
      "step": 239,
      "task_loss": 1.3929367065429688,
      "transition_delay_to_delay": 0.9921263456344604,
      "transition_delay_to_exit": 0.007874012924730778,
      "transition_delay_to_forward": 0.0,
      "transition_exit_to_delay": 0.0,
      "transition_exit_to_exit": 0.0,
      "transition_exit_to_forward": 0.0,
      "transition_forward_to_delay": 0.0,
      "transition_forward_to_exit": 0.0,
      "transition_forward_to_forward": 0.0,
      "ttl_fail": 0.0,
      "wall_time_sec": 1.4598026275634766
    },
    "checkpoint": "results/phase2_dev/hard_st_b_v1_gatedblend_writeaux_oraclewarm/hard_st_best.pt",
    "peak_train_memory_mb": 1597.9150390625,
    "phase_wall_time_sec": 179.95092058181763,
    "test": {
      "accuracy": 0.2415364533662796,
      "compute": 127.99056243896484,
      "decision_count": 127.990234375,
      "delay_rate": 0.9921892285346985,
      "delay_retain_mean": 1.0,
      "delay_write_loss": 0.0,
      "delay_write_mean": 0.0,
      "delays": 126.99056243896484,
      "early_exit_mass": 0.0,
      "early_exit_rate": 0.0,
      "examples_per_sec": 1392.4880171089826,
      "examples_seen": 3072,
      "exit_age_mean": 126.99056243896484,
      "exit_rate": 0.007810735609382391,
      "exit_time": 126.990234375,
      "exits": 1.0,
      "forward_rate": 0.0,
      "hops": 0.0,
      "loss": 2.0286550521850586,
      "mailbox_occupancy": 0.9921137690544128,
      "mailbox_peak": 1.0,
      "oracle_route_loss": 0.0,
      "packet_age_max": 126.990234375,
      "packet_age_mean": 63.4951171875,
      "peak_memory_mb": 118.81201171875,
      "penalty_delays": 0.6349528431892395,
      "penalty_hops": 0.0,
      "penalty_ttl": 0.00016276042151730508,
      "per_slice": {
        "distance_long": {
          "accuracy": 0.24153645833333334,
          "compute": 127.99055989583333,
          "count": 3072,
          "delay_rate": 0.9921892633040746,
          "delay_retain_mean": 1.0,
          "delay_write_mean": 0.0,
          "delays": 126.99055989583333,
          "early_exit_rate": 0.0,
          "exit_rate": 0.007810735376551747,
          "exit_time": 126.990234375,
          "packet_age_mean": 63.4951171875,
          "route_entropy": 2.934164209970428e-06,
          "route_match": 0.9993489583333334,
          "router_confidence": 0.9999998807907104
        },
        "trigger_early": {
          "accuracy": 0.2547357934392461,
          "compute": 127.98554266247888,
          "count": 2006,
          "delay_rate": 0.9921901951936758,
          "delay_retain_mean": 0.9999999952756039,
          "delay_write_mean": 0.0,
          "delays": 126.98554266247888,
          "early_exit_rate": 0.0,
          "exit_rate": 0.0078097975665215,
          "exit_time": 126.98504376625372,
          "packet_age_mean": 63.49252188312686,
          "route_entropy": 2.933675306771199e-06,
          "route_match": 0.9990029873424846,
          "router_confidence": 0.999999806775172
        },
        "trigger_mid": {
          "accuracy": 0.2166979363918528,
          "compute": 127.9999987117345,
          "count": 1066,
          "delay_rate": 0.9921874899354258,
          "delay_retain_mean": 0.9999999899354258,
          "delay_write_mean": 0.0,
          "delays": 126.9999987117345,
          "early_exit_rate": 0.0,
          "exit_rate": 0.007812499921370514,
          "exit_time": 126.9999987117345,
          "packet_age_mean": 63.49999935586725,
          "route_entropy": 2.9350840911983896e-06,
          "route_match": 0.9999999899354258,
          "router_confidence": 0.9999998165451787
        }
      },
      "phase": "hard_st",
      "route_entropy": 2.9341642857616534e-06,
      "route_loss": 0.6351156234741211,
      "route_match": 0.9993489384651184,
      "router_confidence": 0.9999999403953552,
      "split": "test",
      "step": 320,
      "task_loss": 1.3935394287109375,
      "transition_delay_to_delay": 0.9921281337738037,
      "transition_delay_to_exit": 0.007872242480516434,
      "transition_delay_to_forward": 0.0,
      "transition_exit_to_delay": 0.0,
      "transition_exit_to_exit": 0.0,
      "transition_exit_to_forward": 0.0,
      "transition_forward_to_delay": 0.0,
      "transition_forward_to_exit": 0.0,
      "transition_forward_to_forward": 0.0,
      "ttl_fail": 0.00032552084303461015,
      "wall_time_sec": 2.206123113632202
    }
  }
}