{
  "benchmark": "long_horizon_memory_v1",
  "config_path": "configs/phase3/dev/hard_st_benchmark_b_v1_keymem_oraclewarm.yaml",
  "method": "hard_st",
  "results_dir": "results/phase3_dev/hard_st_b_v1_keymem_oraclewarm",
  "summary": {
    "best_val_accuracy": 0.25439453125,
    "best_val_metrics": {
      "accuracy": 0.25439453125,
      "compute": 127.96533203125,
      "decision_count": 127.9638671875,
      "delay_rate": 0.9921927452087402,
      "delay_retain_mean": 0.9773107767105103,
      "delay_write_loss": 0.0,
      "delay_write_mean": 0.029001371935009956,
      "delays": 126.96484375,
      "early_exit_mass": 0.0,
      "early_exit_rate": 0.0,
      "examples_per_sec": 1111.2139013788212,
      "examples_seen": 2048,
      "exit_age_mean": 126.96533203125,
      "exit_rate": 0.007803403772413731,
      "exit_time": 126.96337890625,
      "exits": 1.0,
      "forward_rate": 3.785125954891555e-06,
      "hops": 0.00048828125,
      "loss": 2.0468881130218506,
      "mailbox_occupancy": 0.991912841796875,
      "mailbox_peak": 1.0,
      "memory_read_entropy": 1.1525952816009521,
      "memory_read_mean": 0.9968205094337463,
      "memory_write_entropy": 1.3521195650100708,
      "memory_write_mean": 0.029001371935009956,
      "oracle_route_loss": 0.0,
      "packet_age_max": 126.9638671875,
      "packet_age_mean": 63.48193359375,
      "peak_memory_mb": 133.83544921875,
      "penalty_delays": 0.6348242163658142,
      "penalty_hops": 0.0,
      "penalty_ttl": 0.000732421875,
      "per_slice": {
        "distance_long": {
          "accuracy": 0.25439453125,
          "compute": 127.96533203125,
          "count": 2048,
          "delay_rate": 0.9921928197145462,
          "delay_retain_mean": 0.977310799062252,
          "delay_write_mean": 0.02900137030519545,
          "delays": 126.96484375,
          "early_exit_rate": 0.0,
          "exit_rate": 0.007803403423167765,
          "exit_time": 126.96337890625,
          "memory_read_entropy": 1.1525952816009521,
          "memory_read_mean": 0.9968205392360687,
          "memory_write_entropy": 1.3521196395158768,
          "memory_write_mean": 0.02900137030519545,
          "packet_age_mean": 63.48193359375,
          "route_entropy": 4.9543344175617676e-05,
          "route_match": 0.9921875,
          "router_confidence": 0.9999957010149956
        },
        "trigger_early": {
          "accuracy": 0.25036819003774774,
          "compute": 127.96023273046659,
          "count": 1358,
          "delay_rate": 0.9921905993976369,
          "delay_retain_mean": 0.9773073370221437,
          "delay_write_mean": 0.029002188160379083,
          "delays": 126.95949571297692,
          "early_exit_rate": 0.0,
          "exit_rate": 0.007803689444983523,
          "exit_time": 126.95802368928126,
          "memory_read_entropy": 1.1525939573946686,
          "memory_read_mean": 0.9968247000616324,
          "memory_write_entropy": 1.3521198437210387,
          "memory_write_mean": 0.029002188160379083,
          "packet_age_mean": 63.479380353385466,
          "route_entropy": 4.961012466527749e-05,
          "route_match": 0.9918998382842944,
          "router_confidence": 0.9999956828768369
        },
        "trigger_mid": {
          "accuracy": 0.2623188467345376,
          "compute": 127.97536318129387,
          "count": 690,
          "delay_rate": 0.9921971778938736,
          "delay_retain_mean": 0.9773175809694373,
          "delay_write_mean": 0.028999760271846385,
          "delays": 126.97536318129387,
          "early_exit_rate": 0.0,
          "exit_rate": 0.007802840964733691,
          "exit_time": 126.97391359633293,
          "memory_read_entropy": 1.1525978475377179,
          "memory_read_mean": 0.9968123454114665,
          "memory_write_entropy": 1.3521192275959513,
          "memory_write_mean": 0.028999760271846385,
          "packet_age_mean": 63.48695679816647,
          "route_entropy": 4.941191169116106e-05,
          "route_match": 0.9927536280258842,
          "router_confidence": 0.9999957203001216
        }
      },
      "phase": "hard_st",
      "route_entropy": 4.954334508511238e-05,
      "route_loss": 0.6355566382408142,
      "route_match": 0.9921875,
      "router_confidence": 0.9999957084655762,
      "split": "val",
      "step": 89,
      "task_loss": 1.4113311767578125,
      "transition_delay_to_delay": 0.9921314716339111,
      "transition_delay_to_exit": 0.007861051708459854,
      "transition_delay_to_forward": 3.814697265625e-06,
      "transition_exit_to_delay": 0.0,
      "transition_exit_to_exit": 0.0,
      "transition_exit_to_forward": 0.0,
      "transition_forward_to_delay": 0.0,
      "transition_forward_to_exit": 3.814697265625e-06,
      "transition_forward_to_forward": 0.0,
      "ttl_fail": 0.00146484375,
      "wall_time_sec": 1.843029499053955
    },
    "checkpoint": "results/phase3_dev/hard_st_b_v1_keymem_oraclewarm/hard_st_best.pt",
    "peak_train_memory_mb": 2204.853515625,
    "phase_wall_time_sec": 230.89124536514282,
    "test": {
      "accuracy": 0.2415364533662796,
      "compute": 127.9306640625,
      "decision_count": 127.92935943603516,
      "delay_rate": 0.9921927452087402,
      "delay_retain_mean": 0.9773136973381042,
      "delay_write_loss": 0.0,
      "delay_write_mean": 0.0289981160312891,
      "delays": 126.9306640625,
      "early_exit_mass": 0.0,
      "early_exit_rate": 0.0,
      "examples_per_sec": 1130.8480484099682,
      "examples_seen": 3072,
      "exit_age_mean": 126.9306640625,
      "exit_rate": 0.007807298097759485,
      "exit_time": 126.92935943603516,
      "exits": 1.0,
      "forward_rate": 0.0,
      "hops": 0.0,
      "loss": 2.04949688911438,
      "mailbox_occupancy": 0.9916458129882812,
      "mailbox_peak": 1.0,
      "memory_read_entropy": 1.152592420578003,
      "memory_read_mean": 0.9968423247337341,
      "memory_write_entropy": 1.352114200592041,
      "memory_write_mean": 0.0289981160312891,
      "oracle_route_loss": 0.0,
      "packet_age_max": 126.92935943603516,
      "packet_age_mean": 63.46467971801758,
      "peak_memory_mb": 134.00341796875,
      "penalty_delays": 0.6346531510353088,
      "penalty_hops": 0.0,
      "penalty_ttl": 0.0006510416860692203,
      "per_slice": {
        "distance_long": {
          "accuracy": 0.24153645833333334,
          "compute": 127.9306640625,
          "count": 3072,
          "delay_rate": 0.9921927005052567,
          "delay_retain_mean": 0.9773137172063192,
          "delay_write_mean": 0.02899811478952567,
          "delays": 126.9306640625,
          "early_exit_rate": 0.0,
          "exit_rate": 0.007807297864928842,
          "exit_time": 126.92936197916667,
          "memory_read_entropy": 1.1525924702485402,
          "memory_read_mean": 0.996842235326767,
          "memory_write_entropy": 1.3521142204602559,
          "memory_write_mean": 0.02899811478952567,
          "packet_age_mean": 63.464680989583336,
          "route_entropy": 4.9129299441119656e-05,
          "route_match": 0.9918619791666666,
          "router_confidence": 0.9999957432349523
        },
        "trigger_early": {
          "accuracy": 0.2547357934392461,
          "compute": 127.92622201297718,
          "count": 2006,
          "delay_rate": 0.9921976774782388,
          "delay_retain_mean": 0.9773135832394821,
          "delay_write_mean": 0.028998434467469587,
          "delays": 126.92622201297718,
          "early_exit_rate": 0.0,
          "exit_rate": 0.007802323479082803,
          "exit_time": 126.92422765653843,
          "memory_read_entropy": 1.1525981790522635,
          "memory_read_mean": 0.9968438035291308,
          "memory_write_entropy": 1.3521134376169321,
          "memory_write_mean": 0.028998434467469587,
          "packet_age_mean": 63.46211382826922,
          "route_entropy": 4.906966900586739e-05,
          "route_match": 0.9915254205197898,
          "router_confidence": 0.9999957338406343
        },