{
  "benchmark": "long_horizon_memory_v2",
  "config_path": "configs/phase2/final/hard_st_benchmark_b_v2_maskcurr_seed611.yaml",
  "method": "hard_st",
  "results_dir": "results/phase2_final/hard_st_b_v2_maskcurr_seed611",
  "summary": {
    "best_val_accuracy": 0.4375,
    "best_val_metrics": {
      "accuracy": 0.4375,
      "compute": 1.00146484375,
      "decision_count": 1.00146484375,
      "delay_rate": 0.000732421875,
      "delay_retain_mean": 0.00146484375,
      "delay_write_loss": 0.0,
      "delay_write_mean": 0.99853515625,
      "delays": 0.00146484375,
      "early_exit_mass": 0.99853515625,
      "early_exit_rate": 0.99853515625,
      "examples_per_sec": 7716.8640294375,
      "examples_seen": 2048,
      "exit_age_mean": 0.00146484375,
      "exit_rate": 0.999267578125,
      "exit_time": 0.00146484375,
      "exits": 1.0,
      "forward_rate": 0.0,
      "hops": 0.0,
      "loss": 1.3719563484191895,
      "mailbox_occupancy": 1.1444091796875e-05,
      "mailbox_peak": 0.00146484375,
      "oracle_route_loss": 0.0,
      "packet_age_max": 0.00146484375,
      "packet_age_mean": 0.000732421875,
      "peak_memory_mb": 120.9072265625,
      "penalty_delays": 4.394531060825102e-06,
      "penalty_hops": 0.0,
      "penalty_ttl": 0.0,
      "per_mode": {
        "delay_to_final_query": {
          "accuracy": 0.25124131038030306,
          "compute": 1.0019860900383601,
          "count": 1007,
          "decision_count": 1.0019860900383601,
          "delay_rate": 0.0009930487102509846,
          "delay_retain_mean": 0.0019860974205019692,
          "delay_write_loss": 0.0,
          "delay_write_mean": 0.9980139026812314,
          "delays": 0.0019860974205019692,
          "early_exit_mass": 0.9980139026812314,
          "early_exit_rate": 0.9980139026812314,
          "exit_age_mean": 0.0019860974205019692,
          "exit_rate": 0.9990069512814254,
          "exit_time": 0.0019860974205019692,
          "exits": 0.9999999928379721,
          "forward_rate": 0.0,
          "hops": 0.0,
          "loss": 1.3752672661617473,
          "mailbox_occupancy": 1.5516386097671635e-05,
          "mailbox_peak": 0.0019860974205019692,
          "oracle_route_loss": 0.0,
          "packet_age_max": 0.0019860974205019692,
          "packet_age_mean": 0.0009930487102509846,
          "penalty_delays": 4.154511986003473e-06,
          "penalty_hops": 0.0,
          "penalty_ttl": 0.0,
          "route_entropy": 0.0009284158143753143,
          "route_loss": 4.154511986003473e-06,
          "route_match": 0.0,
          "router_confidence": 0.9999131623067354,
          "task_loss": 1.3752631104099005,
          "transition_delay_to_delay": 0.0,
          "transition_delay_to_exit": 0.0019860974205019692,
          "transition_delay_to_forward": 0.0,
          "transition_exit_to_delay": 0.0,
          "transition_exit_to_exit": 0.0,
          "transition_exit_to_forward": 0.0,
          "transition_forward_to_delay": 0.0,
          "transition_forward_to_exit": 0.0,
          "transition_forward_to_forward": 0.0,
          "ttl_fail": 0.0
        },
        "delay_to_trigger_exit": {
          "accuracy": 0.24045801879340456,
          "compute": 1.0019083964915676,
          "count": 524,
          "decision_count": 1.0019083964915676,
          "delay_rate": 0.0009541984910557743,
          "delay_retain_mean": 0.0019083969821115487,
          "delay_write_loss": 0.0,
          "delay_write_mean": 0.9980916035084324,
          "delays": 0.0019083969821115487,
          "early_exit_mass": 0.9980916035084324,
          "early_exit_rate": 0.9980916035084324,
          "exit_age_mean": 0.0019083969821115487,
          "exit_rate": 0.9990458017542162,
          "exit_time": 0.0019083969821115487,
          "exits": 1.0,
          "forward_rate": 0.0,
          "hops": 0.0,
          "loss": 1.3743261622108576,
          "mailbox_occupancy": 1.4909351422746474e-05,
          "mailbox_peak": 0.0019083969821115487,
          "oracle_route_loss": 0.0,
          "packet_age_max": 0.0019083969821115487,
          "packet_age_mean": 0.0009541984910557743,
          "penalty_delays": 4.629353331250871e-06,
          "penalty_hops": 0.0,
          "penalty_ttl": 0.0,
          "route_entropy": 0.0009259706937827042,
          "route_loss": 4.629353331250871e-06,
          "route_match": 0.0,
          "router_confidence": 0.9999134645207237,
          "task_loss": 1.3743215471733616,
          "transition_delay_to_delay": 0.0,
          "transition_delay_to_exit": 0.0019083969821115487,
          "transition_delay_to_forward": 0.0,
          "transition_exit_to_delay": 0.0,
          "transition_exit_to_exit": 0.0,
          "transition_exit_to_forward": 0.0,
          "transition_forward_to_delay": 0.0,
          "transition_forward_to_exit": 0.0,
          "transition_forward_to_forward": 0.0,
          "ttl_fail": 0.0
        },
        "easy_exit": {
          "accuracy": 0.9999999936590803,
          "compute": 0.9999999936590803,
          "count": 517,
          "decision_count": 0.9999999936590803,
          "delay_rate": 0.0,
          "delay_retain_mean": 0.0,
          "delay_write_loss": 0.0,
          "delay_write_mean": 0.9999999936590803,
          "delays": 0.0,
          "early_exit_mass": 0.9999999936590803,
          "early_exit_rate": 0.9999999936590803,
          "exit_age_mean": 0.0,
          "exit_rate": 0.9999999936590803,
          "exit_time": 0.0,
          "exits": 0.9999999936590803,
          "forward_rate": 0.0,
          "hops": 0.0,
          "loss": 1.363106086821344,
          "mailbox_occupancy": 0.0,
          "mailbox_peak": 0.0,
          "oracle_route_loss": 0.0,
          "packet_age_max": 0.0,
          "packet_age_mean": 0.0,
          "penalty_delays": 4.6240326829571674e-06,
          "penalty_hops": 0.0,
          "penalty_ttl": 0.0,
          "route_entropy": 0.000327623575532672,
          "route_loss": 4.6240326829571674e-06,
          "route_match": 0.9999999936590803,
          "router_confidence": 0.9999723353745629,
          "task_loss": 1.3631014614086778,
          "transition_delay_to_delay": 0.0,
          "transition_delay_to_exit": 0.0,
          "transition_delay_to_forward": 0.0,
          "transition_exit_to_delay": 0.0,
          "transition_exit_to_exit": 0.0,
          "transition_exit_to_forward": 0.0,
          "transition_forward_to_delay": 0.0,
          "transition_forward_to_exit": 0.0,
          "transition_forward_to_forward": 0.0,
          "ttl_fail": 0.0
        }
      },
      "per_slice": {
        "distance_long": {
          "accuracy": 0.25124131038030306,
          "compute": 1.0019860900383601,
          "count": 1007,
          "delay_rate": 0.0009930487102509846,
          "delay_retain_mean": 0.0019860974205019692,
          "delay_write_mean": 0.9980139026812314,
          "delays": 0.0019860974205019692,
          "early_exit_rate": 0.9980139026812314,
          "exit_rate": 0.9990069512814254,
          "exit_time": 0.0019860974205019692,
          "packet_age_mean": 0.0009930487102509846,
          "route_entropy": 0.0009284158143753143,
          "route_match": 0.0,
          "router_confidence": 0.9999131623067354
        },
        "distance_short": {
          "accuracy": 0.6176753199295169,
          "compute": 1.0009606123314123,
          "count": 1041,
          "delay_rate": 0.00048030739293168016,
          "delay_retain_mean": 0.0009606147858633603,
          "delay_write_mean": 0.9990393738123686,
          "delays": 0.0009606147858633603,
          "early_exit_rate": 0.9990393738123686,
          "exit_rate": 0.9995196834421295,
          "exit_time": 0.0009606147858633603,
          "packet_age_mean": 0.00048030739293168016,
          "route_entropy": 0.0006288088340129735,
          "route_match": 0.4966378470204635,
          "router_confidence": 0.9999426886739923
        },
        "trigger_early": {
          "accuracy": 0.4519731979137557,