{
  "benchmark": "long_horizon_memory_v1",
  "config_path": "configs/phase3/dev/hard_st_benchmark_b_v1_keymem_writeaux_oraclewarm.yaml",
  "method": "hard_st",
  "results_dir": "results/phase3_dev/hard_st_b_v1_keymem_writeaux_oraclewarm",
  "summary": {
    "best_val_accuracy": 0.99755859375,
    "best_val_metrics": {
      "accuracy": 0.99755859375,
      "compute": 127.85693359375,
      "decision_count": 127.85498046875,
      "delay_rate": 0.9921845197677612,
      "delay_retain_mean": 1.0,
      "delay_write_loss": 0.0,
      "delay_write_mean": 0.00924124289304018,
      "delays": 126.85693359375,
      "early_exit_mass": 0.0,
      "early_exit_rate": 0.0,
      "examples_per_sec": 1125.7788400457916,
      "examples_seen": 2048,
      "exit_age_mean": 126.85693359375,
      "exit_rate": 0.00781544391065836,
      "exit_time": 126.85498046875,
      "exits": 1.0,
      "forward_rate": 0.0,
      "hops": 0.0,
      "loss": 0.6473326086997986,
      "mailbox_occupancy": 0.9910697937011719,
      "mailbox_peak": 1.0,
      "memory_read_entropy": 0.8107007145881653,
      "memory_read_mean": 0.8963923454284668,
      "memory_write_entropy": 0.3158789575099945,
      "memory_write_mean": 0.00924124289304018,
      "oracle_route_loss": 0.0,
      "packet_age_max": 126.85498046875,
      "packet_age_mean": 63.427490234375,
      "peak_memory_mb": 132.8173828125,
      "penalty_delays": 0.6342846751213074,
      "penalty_hops": 0.0,
      "penalty_ttl": 0.0009765625,
      "per_slice": {
        "distance_long": {
          "accuracy": 0.99755859375,
          "compute": 127.85693359375,
          "count": 2048,
          "delay_rate": 0.9921845495700836,
          "delay_retain_mean": 1.0,
          "delay_write_mean": 0.009241243009455502,
          "delays": 126.85693359375,
          "early_exit_rate": 0.0,
          "exit_rate": 0.007815444376319647,
          "exit_time": 126.85498046875,
          "memory_read_entropy": 0.8107007667422295,
          "memory_read_mean": 0.8963923677802086,
          "memory_write_entropy": 0.3158789724111557,
          "memory_write_mean": 0.009241243009455502,
          "packet_age_mean": 63.427490234375,
          "route_entropy": 2.4252322646134417e-05,
          "route_match": 0.99560546875,
          "router_confidence": 0.9999978765845299
        },
        "trigger_early": {
          "accuracy": 0.9977908482519973,
          "compute": 127.87407593874588,
          "count": 1358,
          "delay_rate": 0.9921789440560937,
          "delay_retain_mean": 0.9999999710755074,
          "delay_write_mean": 0.00930068699920081,
          "delays": 126.8740768825885,
          "early_exit_rate": 0.0,
          "exit_rate": 0.007821033357276371,
          "exit_time": 126.87333974150039,
          "memory_read_entropy": 0.8116491665632981,
          "memory_read_mean": 0.8928236495237112,
          "memory_write_entropy": 0.3313555831366681,
          "memory_write_mean": 0.00930068699920081,
          "packet_age_mean": 63.436669870750194,
          "route_entropy": 2.426399673360629e-05,
          "route_match": 0.9970544739482329,
          "router_confidence": 0.9999978774074954
        },
        "trigger_mid": {
          "accuracy": 0.9971014499664307,
          "compute": 127.8231907941293,
          "count": 690,
          "delay_rate": 0.9921955619169318,
          "delay_retain_mean": 1.0,
          "delay_write_mean": 0.009124250162014926,
          "delays": 126.82318974370541,
          "early_exit_rate": 0.0,
          "exit_rate": 0.007804443994941919,
          "exit_time": 126.81884102199389,
          "memory_read_entropy": 0.8088342218295388,
          "memory_read_mean": 0.9034160559592039,
          "memory_write_entropy": 0.2854192238786946,
          "memory_write_mean": 0.009124250162014926,
          "packet_age_mean": 63.409420510996945,
          "route_entropy": 2.4229346472302628e-05,
          "route_match": 0.9927536243977754,
          "router_confidence": 0.9999978049077849
        }
      },
      "phase": "hard_st",
      "route_entropy": 2.425232196401339e-05,
      "route_loss": 0.6352612376213074,
      "route_match": 0.99560546875,
      "router_confidence": 0.9999978542327881,
      "split": "val",
      "step": 299,
      "task_loss": 0.012071389704942703,
      "transition_delay_to_delay": 0.992123007774353,
      "transition_delay_to_exit": 0.007877297699451447,
      "transition_delay_to_forward": 0.0,
      "transition_exit_to_delay": 0.0,
      "transition_exit_to_exit": 0.0,
      "transition_exit_to_forward": 0.0,
      "transition_forward_to_delay": 0.0,
      "transition_forward_to_exit": 0.0,
      "transition_forward_to_forward": 0.0,
      "ttl_fail": 0.001953125,
      "wall_time_sec": 1.8191850185394287
    },
    "checkpoint": "results/phase3_dev/hard_st_b_v1_keymem_writeaux_oraclewarm/hard_st_best.pt",
    "peak_train_memory_mb": 2205.08349609375,
    "phase_wall_time_sec": 238.37484288215637,
    "test": {
      "accuracy": 0.9986979365348816,
      "compute": 127.96875,
      "decision_count": 127.9677734375,
      "delay_rate": 0.9921864867210388,
      "delay_retain_mean": 1.0,
      "delay_write_loss": 0.0,
      "delay_write_mean": 0.009244210086762905,
      "delays": 126.96875,
      "early_exit_mass": 0.0,
      "early_exit_rate": 0.0,
      "examples_per_sec": 1117.9263733376738,
      "examples_seen": 3072,
      "exit_age_mean": 126.96875,
      "exit_rate": 0.007813552394509315,
      "exit_time": 126.9677734375,
      "exits": 1.0,
      "forward_rate": 0.0,
      "hops": 0.0,
      "loss": 0.6406358480453491,
      "mailbox_occupancy": 0.991943359375,
      "mailbox_peak": 1.0,
      "memory_read_entropy": 0.8100478053092957,
      "memory_read_mean": 0.8962519764900208,
      "memory_write_entropy": 0.31567811965942383,
      "memory_write_mean": 0.009244210086762905,
      "oracle_route_loss": 0.0,
      "packet_age_max": 126.9677734375,
      "packet_age_mean": 63.48388671875,
      "peak_memory_mb": 132.9853515625,
      "penalty_delays": 0.6348438262939453,
      "penalty_hops": 0.0,
      "penalty_ttl": 0.00048828125,
      "per_slice": {
        "distance_long": {
          "accuracy": 0.9986979166666666,
          "compute": 127.96875,
          "count": 3072,
          "delay_rate": 0.992186446984609,
          "delay_retain_mean": 1.0,
          "delay_write_mean": 0.009244210241983334,
          "delays": 126.96875,
          "early_exit_rate": 0.0,
          "exit_rate": 0.0078135523168991,
          "exit_time": 126.9677734375,
          "memory_read_entropy": 0.8100477705399195,
          "memory_read_mean": 0.8962519268194834,
          "memory_write_entropy": 0.31567809482415515,
          "memory_write_mean": 0.009244210241983334,
          "packet_age_mean": 63.48388671875,
          "route_entropy": 2.4004698540617635e-05,
          "route_match": 0.9986979166666666,
          "router_confidence": 0.9999978989362717
        },
        "trigger_early": {
          "accuracy": 0.998504480538316,
          "compute": 127.9516448784445,
          "count": 2006,
          "delay_rate": 0.992181989125692,
          "delay_retain_mean": 0.9999999952756039,
          "delay_write_mean": 0.0093029256327893,
          "delays": 126.9516448784445,
          "early_exit_rate": 0.0,
          "exit_rate": 0.007818006043130177,
          "exit_time": 126.95064797596346,
          "memory_read_entropy": 0.8106004485817754,
          "memory_read_mean": 0.8938903229780948,
          "memory_write_entropy": 0.3310173656475746,
          "memory_write_mean": 0.0093029256327893,
          "packet_age_mean": 63.47532398798173,
          "route_entropy": 2.43998929880304e-05,
          "route_match": 0.998504480538316,
          "router_confidence": 0.9999978391384912
        },
        "trigger_mid": {
          "accuracy": 0.9990618989346846,
          "compute": 128.00093628273225,
          "count": 1066,